name,datetime,tempmax,tempmin,temp,feelslikemax,feelslikemin,feelslike,dew,humidity,precip,precipprob,precipcover,preciptype,snow,snowdepth,windgust,windspeed,winddir,sealevelpressure,cloudcover,visibility,solarradiation,solarenergy,uvindex,severerisk,sunrise,sunset,moonphase,conditions,description,icon,stations
cambodia,2024-01-01,91.2,77.4,84.5,94.9,77.4,89.2,72,67.8,0.02,100,16.67,rain,0,0,16.3,9.7,57.2,1011,29.9,6.6,200.8,17.4,7,10,2024-01-01T06:19:59,2024-01-01T17:47:30,0.67,"Rain, Partially cloudy",Partly cloudy throughout the day with rain in the morning and afternoon.,rain,"48992099999,VDPP,48991099999,48997099999"
cambodia,2024-01-02,91.8,78.3,84.9,97.1,78.3,88.8,70.3,62.9,0,0,0,,0,0,19.9,11,37.6,1010.8,34.4,6.1,220.1,19.1,8,10,2024-01-02T06:20:23,2024-01-02T17:48:03,0.7,Partially cloudy,Partly cloudy throughout the day.,partly-cloudy-day,"48992099999,VDPP,48991099999,48997099999"
cambodia,2024-01-03,91.4,78.4,84.8,95.4,78.4,88.3,69.5,61.2,0,0,0,,0,0,21.3,11.9,39.4,1011,40.6,6.1,221.3,19.1,8,10,2024-01-03T06:20:46,2024-01-03T17:48:36,0.73,Partially cloudy,Partly cloudy throughout the day.,partly-cloudy-day,"48992099999,VDPP,48991099999,48997099999"
cambodia,2024-01-04,89.8,75.2,82.5,92.3,75.2,83.9,66.1,58.6,0,0,0,,0,0,15,10.3,47.7,1011.5,20.3,6.2,238.8,20.8,8,10,2024-01-04T06:21:08,2024-01-04T17:49:09,0.75,Partially cloudy,Partly cloudy throughout the day.,partly-cloudy-day,"48992099999,VDPP,48991099999,48997099999"
cambodia,2024-01-05,89.1,75.6,82,91,75.6,83.5,65.9,58.9,0,0,0,,0,0,15.4,7.7,38.4,1012.2,53.6,6.1,226.1,19.4,8,10,2024-01-05T06:21:29,2024-01-05T17:49:42,0.8,Partially cloudy,Partly cloudy throughout the day.,partly-cloudy-day,"48992099999,VDPP,48991099999,48997099999"
cambodia,2024-01-06,89.9,74.3,82.1,93.6,74.3,84,67.9,63.1,0,0,0,,0,0,17,8.2,17.5,1012,25,6.1,219.6,19,8,10,2024-01-06T06:21:50,2024-01-06T17:50:16,0.83,Partially cloudy,Partly cloudy throughout the day.,partly-cloudy-day,"48992099999,VDPP,48991099999,48997099999"
cambodia,2024-01-07,90.9,77,83.2,97,77,86.1,69.6,64.5,0,0,0,,0,0,15.9,8.2,28.9,1012.3,27.1,6,217.9,18.9,8,10,2024-01-07T06:22:10,2024-01-07T17:50:49,0.86,Partially cloudy,Partly cloudy throughout the day.,partly-cloudy-day,"48992099999,VDPP,48991099999,48997099999"
cambodia,2024-01-08,91.2,77.2,83.6,96.8,77.2,86.9,70.1,64.9,0,0,0,,0,0,17.4,8.4,33.8,1011.9,32.1,6.6,216,18.8,8,10,2024-01-08T06:22:28,2024-01-08T17:51:22,0.89,Partially cloudy,Partly cloudy throughout the day.,partly-cloudy-day,"48992099999,VDPP,48991099999,48997099999"
cambodia,2024-01-09,93.2,77.9,84.2,99.2,77.9,88.8,72.8,70.4,0,0,0,,0,0,12.3,5.9,2.1,1010.8,35.8,6,216,18.6,8,10,2024-01-09T06:22:46,2024-01-09T17:51:55,0.93,Partially cloudy,Partly cloudy throughout the day.,partly-cloudy-day,"48992099999,VDPP,48991099999,48997099999"
cambodia,2024-01-10,92.7,77.2,84.9,99.5,77.2,90.9,74.3,72.3,0.008,100,8.33,rain,0,0,13.9,5.8,167,1010.2,35.6,5.9,212.5,18.5,8,10,2024-01-10T06:23:03,2024-01-10T17:52:28,0.96,"Rain, Partially cloudy",Partly cloudy throughout the day with afternoon rain.,rain,"48992099999,VDPP,48991099999,48997099999"
cambodia,2024-01-11,93.6,79.9,85.5,98.8,79.9,91,72.6,67.1,0.004,100,4.17,rain,0,0,14.5,8.2,110.3,1010.8,35.7,6.5,194.6,16.9,7,10,2024-01-11T06:23:20,2024-01-11T17:53:00,0,"Rain, Partially cloudy",Partly cloudy throughout the day with morning rain.,rain,"48992099999,VDPP,48991099999,48997099999"
cambodia,2024-01-12,90.9,76.5,83,95.7,76.5,86.7,72.6,73.1,0,0,0,,0,0,14.5,5.3,151.5,1010.9,29.3,6.9,236.5,20.5,9,10,2024-01-12T06:23:35,2024-01-12T17:53:33,0.02,Partially cloudy,Partly cloudy throughout the day.,partly-cloudy-day,"48992099999,VDPP,48991099999,48997099999"
cambodia,2024-01-13,88.6,76,82.1,91,76,84,68.8,65.9,0,0,0,,0,0,15,6.6,72.1,1011,54.3,6.3,231.8,20,8,10,2024-01-13T06:23:49,2024-01-13T17:54:05,0.06,Partially cloudy,Partly cloudy throughout the day.,partly-cloudy-day,"48992099999,VDPP,48991099999,48997099999"
cambodia,2024-01-14,89.4,74.5,81.8,91.3,74.5,83,66.6,61.3,0,0,0,,0,0,17.4,7.9,57,1012,46.4,5.9,244.5,21.4,9,10,2024-01-14T06:24:02,2024-01-14T17:54:37,0.1,Partially cloudy,Clearing in the afternoon.,partly-cloudy-day,"48992099999,VDPP,48991099999,48997099999"
cambodia,2024-01-15,90.9,74.8,82.2,91.4,74.8,83,63.4,53.9,0,0,0,,0,0,19.7,10.4,47,1011.7,35.6,6.4,239,20.9,8,10,2024-01-15T06:24:15,2024-01-15T17:55:09,0.13,Partially cloudy,Becoming cloudy in the afternoon.,partly-cloudy-day,"48992099999,VDPP,48991099999,48997099999"
cambodia,2024-01-16,89.6,75.2,82.7,91.4,75.2,83.9,65.3,56.7,0,0,0,,0,0,18.3,9.1,39.7,1011.5,25.9,6.6,232.8,20.2,8,10,2024-01-16T06:24:26,2024-01-16T17:55:41,0.17,Partially cloudy,Becoming cloudy in the afternoon.,partly-cloudy-day,"48992099999,VDPP,48991099999,48997099999"
cambodia,2024-01-17,89.6,75.4,82.7,91.5,75.4,84.2,65.2,56.4,0,0,0,,0,0,15.7,7.5,59,1011.3,61.7,6.3,225.2,19.3,8,10,2024-01-17T06:24:36,2024-01-17T17:56:12,0.2,Partially cloudy,Partly cloudy throughout the day.,partly-cloudy-day,"48992099999,VDPP,48991099999,48997099999"
cambodia,2024-01-18,91.6,76.5,83.5,93.7,76.5,85.3,67.3,59.4,0,0,0,,0,0,19.2,10.6,27.8,1010.8,36.4,5.9,244.9,21.3,9,10,2024-01-18T06:24:45,2024-01-18T17:56:43,0.25,Partially cloudy,Partly cloudy throughout the day.,partly-cloudy-day,"48992099999,VDPP,48991099999,48997099999"
cambodia,2024-01-19,93.7,76.3,84.3,95.2,76.3,85.8,68.2,62.6,0,0,0,,0,0,13.9,7.7,85,1010.5,25,5.9,244.5,21.2,9,10,2024-01-19T06:24:53,2024-01-19T17:57:13,0.27,Partially cloudy,Partly cloudy throughout the day.,partly-cloudy-day,"48992099999,VDPP,48991099999,48997099999"
cambodia,2024-01-20,91.8,75.6,82.8,94.2,75.6,85.2,70.6,69.3,0,0,0,,0,0,13.4,6.8,170,1010.9,30.6,6,230.8,19.9,8,10,2024-01-20T06:25:00,2024-01-20T17:57:43,0.31,Partially cloudy,Clearing in the afternoon.,partly-cloudy-day,"48992099999,VDPP,48991099999,48997099999"
cambodia,2024-01-21,90,76.1,82.9,94.2,76.1,85.8,70.8,68.8,0,0,0,,0,0,13.2,6.7,166.9,1012.2,68.4,7.1,217,18.7,8,10,2024-01-21T06:25:07,2024-01-21T17:58:13,0.34,Partially cloudy,Partly cloudy throughout the day.,partly-cloudy-day,"48992099999,VDPP,48991099999,48997099999"
cambodia,2024-01-22,90.4,76.1,82.8,95.5,76.1,86.1,70.8,68.4,0,0,0,,0,0,10.5,6.8,171.6,1012.3,42.3,5.9,201.7,17.3,8,10,2024-01-22T06:25:12,2024-01-22T17:58:42,0.38,Partially cloudy,Partly cloudy throughout the day.,partly-cloudy-day,"48992099999,VDPP,48991099999,48997099999"
cambodia,2024-01-23,91.2,77.2,84,93.8,77.2,86.7,69.3,63.2,0,0,0,,0,0,18.8,9.5,99.1,1013.1,38,6,228.2,19.8,8,10,2024-01-23T06:25:15,2024-01-23T17:59:10,0.41,Partially cloudy,Partly cloudy throughout the day.,partly-cloudy-day,"48992099999,VDPP,48991099999,48997099999"
cambodia,2024-01-24,90.9,78.5,84,93.5,78.5,86.6,67.9,59.2,0,0,0,,0,0,21.9,11.9,58.5,1013.9,30.2,6.2,201.5,17.5,8,10,2024-01-24T06:25:18,2024-01-24T17:59:39,0.45,Partially cloudy,Partly cloudy throughout the day.,partly-cloudy-day,"48992099999,VDPP,48991099999,48997099999"
cambodia,2024-01-25,90.5,75.4,83.3,92,75.4,84.6,64.9,54.7,0,0,0,,0,0,19.2,10.7,59.1,1015.6,65.4,6.4,200.7,17.3,9,10,2024-01-25T06:25:20,2024-01-25T18:00:06,0.48,Partially cloudy,Partly cloudy throughout the day.,partly-cloudy-day,"48992099999,VDPP,48991099999,48997099999"
cambodia,2024-01-26,89.6,75.2,82.7,90.2,75.2,83.6,63.5,53.2,0,0,0,,0,0,17.4,9.5,54.4,1016.2,41.3,5.9,214.5,18.7,8,10,2024-01-26T06:25:21,2024-01-26T18:00:34,0.5,Partially cloudy,Partly cloudy throughout the day.,partly-cloudy-day,"48992099999,VDPP,48991099999,48997099999"
cambodia,2024-01-27,89.4,75,82.2,91,75,83.5,65.1,57,0,0,0,,0,0,15.4,8.2,54.1,1015.4,35.9,5.9,231.7,20.1,9,10,2024-01-27T06:25:20,2024-01-27T18:01:00,0.55,Partially cloudy,Partly cloudy throughout the day.,partly-cloudy-day,"48992099999,VDPP,48991099999,48997099999"
cambodia,2024-01-28,88.9,74.7,81.7,92.2,74.7,83.6,66.1,59.6,0,0,0,,0,0,13.6,7.3,78.7,1015.3,30.4,6.4,217.9,18.9,9,10,2024-01-28T06:25:19,2024-01-28T18:01:26,0.58,Partially cloudy,Partly cloudy throughout the day.,partly-cloudy-day,"48992099999,VDPP,48991099999,48997099999"
cambodia,2024-01-29,89.3,75,81.7,90.1,75,82.9,64.8,57.4,0,0,0,,0,0,12.5,7.5,55,1014.8,54,6,228.5,19.9,9,10,2024-01-29T06:25:17,2024-01-29T18:01:52,0.61,Partially cloudy,Becoming cloudy in the afternoon.,partly-cloudy-day,"48992099999,VDPP,48991099999,48997099999"
cambodia,2024-01-30,92.5,75.9,83.4,94.4,75.9,85.2,67.9,61.6,0,0,0,,0,0,11.6,6.8,178.7,1013.9,44.6,5.9,233.2,20.2,9,10,2024-01-30T06:25:13,2024-01-30T18:02:17,0.65,Partially cloudy,Clearing in the afternoon.,partly-cloudy-day,"48992099999,VDPP,48991099999"
cambodia,2024-01-31,92,76.3,83.5,95.9,76.3,86.3,69.9,65.4,0.004,100,4.17,rain,0,0,13.4,10.3,187.1,1013.8,34.5,6.4,216.1,18.6,9,10,2024-01-31T06:25:08,2024-01-31T18:02:41,0.68,"Rain, Partially cloudy",Partly cloudy throughout the day with afternoon rain.,rain,"48992099999,VDPP,48991099999"
cambodia,2024-02-01,95,76.3,83.5,100.9,76.3,87.4,71.9,69.9,0.004,100,4.17,rain,0,0,21.9,8.8,187.6,1013.8,35.4,7.3,229.8,19.9,9,10,2024-02-01T06:25:03,2024-02-01T18:03:05,0.71,"Rain, Partially cloudy",Partly cloudy throughout the day with afternoon rain.,rain,"48992099999,VDPP,48991099999"
cambodia,2024-02-02,93.2,74.6,83.1,102.2,74.6,88.3,70.1,73.4,0.004,100,4.17,rain,0,0,19.7,7.7,171,1012.8,33.9,6.8,227.5,19.7,8,10,2024-02-02T06:24:56,2024-02-02T18:03:28,0.75,"Rain, Partially cloudy",Partly cloudy throughout the day with afternoon rain.,rain,"48992099999,VDPP,48991099999"
cambodia,2024-02-03,92,76.7,83.2,99.1,76.7,87.7,73.9,74.9,0.004,100,4.17,rain,0,0,15.4,7.5,175.9,1012.9,26.2,5.9,222.5,19.1,8,10,2024-02-03T06:24:48,2024-02-03T18:03:51,0.75,"Rain, Partially cloudy",Partly cloudy throughout the day with afternoon rain.,rain,"48992099999,VDPP,48991099999"
cambodia,2024-02-04,93.2,77.5,84.3,102.3,77.5,89.1,73.5,71.8,0,0,0,,0,0,14.1,8,174.7,1013.1,29.3,6,205.8,17.6,8,10,2024-02-04T06:24:39,2024-02-04T18:04:13,0.81,Partially cloudy,Partly cloudy throughout the day.,partly-cloudy-day,"48992099999,VDPP,48991099999"
cambodia,2024-02-05,95,76.5,84.3,104.6,76.5,90.3,74.9,75.3,0.016,100,12.5,rain,0,0,13.4,8.8,168.2,1013,32.9,7.3,223.1,19.4,8,10,2024-02-05T06:24:30,2024-02-05T18:04:34,0.84,"Rain, Partially cloudy",Partly cloudy throughout the day with rain in the morning and afternoon.,rain,"48992099999,VDPP,48991099999,remote"
cambodia,2024-02-06,92.7,78.3,84.3,101.8,78.3,91.1,75.8,77.1,0.008,100,8.33,rain,0,0,20.8,8,168.5,1013.2,32.1,5.8,235,20.3,9,10,2024-02-06T06:24:19,2024-02-06T18:04:55,0.88,"Rain, Partially cloudy",Partly cloudy throughout the day with late afternoon rain.,rain,"48992099999,VDPP,48991099999"
cambodia,2024-02-07,91.8,78.1,84.2,102,78.1,90.6,75.2,75.6,0.008,100,4.17,rain,0,0,16.3,9.7,175.7,1012.2,45.6,5.6,230.4,19.9,9,10,2024-02-07T06:24:07,2024-02-07T18:05:15,0.91,"Rain, Partially cloudy",Partly cloudy throughout the day with late afternoon rain.,rain,"48992099999,VDPP,48991099999"
cambodia,2024-02-08,93.2,78.1,84.1,105,78.1,90.7,75.4,76.4,0.016,100,12.5,rain,0,0,19.9,11.4,158.4,1011.1,33.6,5.9,218.3,19,7,10,2024-02-08T06:23:54,2024-02-08T18:05:35,0.94,"Rain, Partially cloudy",Partly cloudy throughout the day with afternoon rain.,rain,"48992099999,VDPP,48991099999,48997099999"
cambodia,2024-02-09,93.2,76.3,84,101.9,76.3,89.3,74.3,74.5,0,0,0,,0,0,16.8,9.1,168.3,1012.8,34.7,6,227.8,19.8,9,10,2024-02-09T06:23:40,2024-02-09T18:05:54,0.98,Partially cloudy,Partly cloudy throughout the day.,partly-cloudy-day,"48992099999,VDPP,48991099999,48997099999"
cambodia,2024-02-10,95,78.4,85.5,97.2,78.4,88.7,69.7,62.1,0,0,0,,0,0,25.3,12.8,78.1,1014.3,41.1,6.2,254.7,22,9,10,2024-02-10T06:23:26,2024-02-10T18:06:12,0,Partially cloudy,Partly cloudy throughout the day.,partly-cloudy-day,"48992099999,VDPP,48991099999,48997099999"
cambodia,2024-02-11,93.2,77,84.4,93.3,77,85.6,64.6,53,0,0,0,,0,0,25.3,18.3,53.6,1015.9,26.9,5.9,268.4,23.1,9,10,2024-02-11T06:23:10,2024-02-11T18:06:29,0.04,Partially cloudy,Partly cloudy throughout the day.,partly-cloudy-day,"48992099999,VDPP,48991099999"
cambodia,2024-02-12,93.2,74,83.2,93.3,74,83.6,62,50,0,0,0,,0,0,19.2,15,51.4,1015.3,26.2,6.4,273.5,23.8,9,10,2024-02-12T06:22:53,2024-02-12T18:06:46,0.08,Partially cloudy,Partly cloudy throughout the day.,partly-cloudy-day,"VDPP,48991099999,remote"
cambodia,2024-02-13,91.4,75.2,83.1,93.2,75.2,84.5,64.8,55.2,0,0,0,,0,0,16.1,9.2,44.5,1013.7,23.4,6.2,262.8,22.7,9,10,2024-02-13T06:22:35,2024-02-13T18:07:03,0.11,Partially cloudy,Partly cloudy throughout the day.,partly-cloudy-day,"48992099999,VDPP,48991099999"
cambodia,2024-02-14,93.2,77,85.6,100.9,77,90.1,71.2,63.8,0,0,0,,0,0,14.1,6.9,168.9,1012.3,24.9,6,239.7,20.7,9,10,2024-02-14T06:22:17,2024-02-14T18:07:19,0.15,Partially cloudy,Partly cloudy throughout the day.,partly-cloudy-day,"VDPP,48991099999"
cambodia,2024-02-15,96.8,78.8,86.5,105.4,78.8,91.8,72.1,64,0,0,0,,0,0,12.1,9.2,170.9,1012.1,21.6,5.9,231.2,19.9,9,10,2024-02-15T06:21:58,2024-02-15T18:07:34,0.18,Partially cloudy,Partly cloudy throughout the day.,partly-cloudy-day,"48992099999,VDPP,48991099999"
cambodia,2024-02-16,95,78.8,85.9,100.9,78.8,91.5,72.2,65,0,0,0,,0,0,14.1,9.2,166.4,1011.9,31.7,6.1,238.5,20.6,9,10,2024-02-16T06:21:37,2024-02-16T18:07:48,0.25,Partially cloudy,Partly cloudy throughout the day.,partly-cloudy-day,"48992099999,VDPP,48991099999"
cambodia,2024-02-17,95,77,85.2,99.8,77,88.4,69,59.7,0,0,0,,0,0,15.7,9.2,174.2,1011.3,25.6,6.6,270.5,23.4,9,10,2024-02-17T06:21:16,2024-02-17T18:08:02,0.25,Partially cloudy,Partly cloudy throughout the day.,partly-cloudy-day,"VDPP,48991099999,remote"
cambodia,2024-02-18,95,75.2,85.1,99.2,75.2,88.9,70.7,64.3,0,0,0,,0,0,13.9,8.1,164.7,1011.3,16.2,6.3,263.4,22.7,9,10,2024-02-18T06:20:54,2024-02-18T18:08:16,0.28,Clear,Clear conditions throughout the day.,clear-day,"VDPP,48991099999,remote"
cambodia,2024-02-19,95,77,85.1,101.4,77,90.5,74,71.8,0,0,0,,0,0,17.2,10.3,164,1011.2,27.7,5.9,233.5,20.2,8,10,2024-02-19T06:20:31,2024-02-19T18:08:29,0.32,Partially cloudy,Partly cloudy throughout the day.,partly-cloudy-day,"48992099999,VDPP,48991099999"
cambodia,2024-02-20,92.5,78.1,84.5,99.6,78.1,89.8,74.1,72.8,0.004,100,4.17,rain,0,0,17.7,11.4,164.3,1011.2,35.9,5.9,249.7,21.5,9,10,2024-02-20T06:20:08,2024-02-20T18:08:41,0.35,"Rain, Partially cloudy",Partly cloudy throughout the day with afternoon rain.,rain,"48992099999,VDPP,48991099999,48997099999"
cambodia,2024-02-21,91.6,77.9,84.1,98.6,77.9,89.2,73.9,72.8,0,0,0,,0,0,18.3,10.4,172.6,1011,36.8,6.3,225.1,19.4,9,10,2024-02-21T06:19:43,2024-02-21T18:08:52,0.39,Partially cloudy,Partly cloudy throughout the day.,partly-cloudy-day,"48992099999,VDPP,48991099999,48997099999"
cambodia,2024-02-22,93.4,77.9,84.7,96.9,77.9,88.4,71.7,68.1,0,0,0,,0,0,14.5,8.9,166.9,1011.8,18.1,6,253.2,21.7,9,10,2024-02-22T06:19:18,2024-02-22T18:09:04,0.42,Clear,Clear conditions throughout the day.,clear-day,"48992099999,VDPP,48991099999,48997099999"
cambodia,2024-02-23,93,76.5,84.5,101.6,76.5,89.5,72.9,69.8,0.004,100,4.17,rain,0,0,15.9,9.5,175.6,1012.3,34.6,5.9,248.1,21.4,9,10,2024-02-23T06:18:52,2024-02-23T18:09:14,0.45,"Rain, Partially cloudy",Partly cloudy throughout the day with afternoon rain.,rain,"48992099999,VDPP,48991099999,48997099999"
cambodia,2024-02-24,92.9,79.6,85.7,101,79.6,91.4,72.9,66.8,0.016,100,16.67,rain,0,0,18.1,9.5,165.1,1012.2,36.5,6,235,20.3,8,10,2024-02-24T06:18:26,2024-02-24T18:09:24,0.5,"Rain, Partially cloudy",Partly cloudy throughout the day with rain in the morning and afternoon.,rain,"48992099999,VDPP,48991099999,48997099999"
cambodia,2024-02-25,95,77,86.1,99.8,77,90.1,70.7,62.6,0,0,0,,0,0,14.5,6.6,171.1,1011.1,31.4,6.4,260.1,22.4,9,10,2024-02-25T06:17:58,2024-02-25T18:09:34,0.52,Partially cloudy,Partly cloudy throughout the day.,partly-cloudy-day,"48992099999,VDPP,48991099999,48997099999"
cambodia,2024-02-26,93.8,77,85.1,94.8,77,87.9,68.7,60.5,0,0,0,,0,0,14.8,11.4,131.7,1011.5,24,6.4,273.9,23.7,10,10,2024-02-26T06:17:30,2024-02-26T18:09:43,0.56,Partially cloudy,Partly cloudy throughout the day.,partly-cloudy-day,"48992099999,VDPP,48991099999,remote,48997099999"
cambodia,2024-02-27,94.8,79.7,86.5,100.4,79.7,90.7,70.1,59.6,0.036,100,25,rain,0,0,14.8,9.1,141.6,1010.8,34.5,5.9,258.2,22.2,9,10,2024-02-27T06:17:02,2024-02-27T18:09:51,0.59,"Rain, Partially cloudy",Partly cloudy throughout the day with rain.,rain,"48992099999,VDPP,48991099999,48997099999"
cambodia,2024-02-28,95,78.6,85.4,100.9,78.6,89.9,72.3,67,0.028,100,20.83,rain,0,0,14.3,10.4,166.2,1010,35.4,6,225.5,19.5,8,10,2024-02-28T06:16:32,2024-02-28T18:09:59,0.62,"Rain, Partially cloudy",Partly cloudy throughout the day with rain.,rain,"48992099999,VDPP,48991099999,48997099999"
cambodia,2024-02-29,96.8,78.5,86.3,102,78.5,90.2,71,62.5,0,0,0,,0,0,16.6,9.2,158.7,1009.9,23.2,6.2,261.7,22.7,10,10,2024-02-29T06:16:03,2024-02-29T18:10:07,0.66,Partially cloudy,Partly cloudy throughout the day.,partly-cloudy-day,"48992099999,VDPP,48991099999,48997099999"
cambodia,2024-03-01,94.6,78.1,85.3,101.6,78.1,89.6,71.7,65.8,0.004,100,4.17,rain,0,0,14.5,7.3,180.5,1010.9,28.5,6.1,246.1,21.3,9,10,2024-03-01T06:15:32,2024-03-01T18:10:14,0.69,"Rain, Partially cloudy",Partly cloudy throughout the day with afternoon rain.,rain,"48992099999,VDPP,48991099999,48997099999"
cambodia,2024-03-02,94.5,78.2,86.2,100.4,78.2,90.5,70.5,61.2,0,0,0,,0,0,16.1,6.6,164.3,1010.8,30.2,6.3,254.5,22,9,10,2024-03-02T06:15:01,2024-03-02T18:10:21,0.73,Partially cloudy,Partly cloudy throughout the day.,partly-cloudy-day,"48992099999,VDPP,48991099999,48997099999"
cambodia,2024-03-03,95,78.1,85.4,100.2,78.1,90.3,72.6,67.6,0,0,0,,0,0,12.5,11.2,165.9,1010.5,34.9,6.4,240.2,20.8,8,10,2024-03-03T06:14:30,2024-03-03T18:10:27,0.75,Partially cloudy,Partly cloudy throughout the day.,partly-cloudy-day,"48992099999,VDPP,48991099999,48997099999"
cambodia,2024-03-04,94.8,78.3,85.5,102.1,78.3,90.4,72.4,66.4,0,0,0,,0,0,18.3,9.5,175.7,1010,31.3,6.2,254.3,22,9,10,2024-03-04T06:13:58,2024-03-04T18:10:33,0.79,Partially cloudy,Partly cloudy throughout the day.,partly-cloudy-day,"48992099999,VDPP,48991099999,48997099999"
cambodia,2024-03-05,96.6,78.2,86.5,108.2,78.2,94.7,75.6,71.9,0.032,100,20.83,rain,0,0,16.1,12.7,170.9,1008.9,36.1,6.5,233.6,20.2,9,10,2024-03-05T06:13:25,2024-03-05T18:10:38,0.83,"Rain, Partially cloudy",Partly cloudy throughout the day with rain.,rain,"48992099999,VDPP,48991099999,48997099999"
cambodia,2024-03-06,98.4,80.6,88.1,111.3,88.1,98.9,76.9,72.3,0,0,0,,0,0,14.5,12.2,171.9,1007.3,25.9,6.1,251.8,21.7,9,10,2024-03-06T06:12:52,2024-03-06T18:10:43,0.86,Partially cloudy,Partly cloudy throughout the day.,partly-cloudy-day,"48992099999,VDPP,48991099999,48997099999"
cambodia,2024-03-07,97.1,78.5,87.4,108.7,78.5,96.2,76.3,72.2,0.012,100,8.33,rain,0,0,13.6,7.9,166.9,1007.5,32.3,6,239.8,20.6,8,10,2024-03-07T06:12:18,2024-03-07T18:10:48,0.89,"Rain, Partially cloudy",Partly cloudy throughout the day with rain in the morning and afternoon.,rain,"48992099999,VDPP,48991099999,48997099999"
cambodia,2024-03-08,95,78.3,86.1,100.5,78.3,91.3,72.4,66,0.012,100,8.33,rain,0,0,19,11.3,166.2,1009.6,41.8,6.4,250,21.4,10,10,2024-03-08T06:11:45,2024-03-08T18:10:53,0.93,"Rain, Partially cloudy",Partly cloudy throughout the day with early morning rain.,rain,"48992099999,VDPP,48991099999,48997099999"
cambodia,2024-03-09,93.8,78.8,85.9,100.4,78.8,90.7,70.9,62.4,0,0,0,,0,0,19.5,11.2,177.1,1010.2,36.3,5.9,269.1,23.1,10,10,2024-03-09T06:11:10,2024-03-09T18:10:57,0.96,Partially cloudy,Partly cloudy throughout the day.,partly-cloudy-day,"48992099999,VDPP,48991099999,48997099999"
cambodia,2024-03-10,92.7,78.8,85.3,99.4,78.8,89.7,70.9,63,0.004,100,4.17,rain,0,0,19.9,9.5,170.2,1012.2,38.5,6,240.7,20.6,9,10,2024-03-10T06:10:36,2024-03-10T18:11:00,0,"Rain, Partially cloudy",Partly cloudy throughout the day with afternoon rain.,rain,"48992099999,VDPP,48991099999,48997099999"
cambodia,2024-03-11,96.8,77.6,87,103.6,77.6,90.5,69.7,58.4,0,0,0,,0,0,15,8.1,157,1012.2,36.5,6.6,284,24.5,10,10,2024-03-11T06:10:01,2024-03-11T18:11:04,0.03,Partially cloudy,Partly cloudy throughout the day.,partly-cloudy-day,"48992099999,VDPP,48991099999,remote,48997099999"
cambodia,2024-03-12,97.5,80.1,87.1,101.8,83.6,92.5,70.8,59.8,0.004,100,4.17,rain,0,0,17.7,8.8,186.4,1012.1,27.6,6.3,252.1,21.7,9,10,2024-03-12T06:09:25,2024-03-12T18:11:07,0.06,"Rain, Partially cloudy",Partly cloudy throughout the day with afternoon rain.,rain,"48992099999,VDPP,48991099999,48997099999"
cambodia,2024-03-13,94.3,80.3,86.6,99.8,85.1,93.1,72.6,64.7,0.012,100,12.5,rain,0,0,16.3,10.4,181.5,1011.8,41.3,6,242.2,20.8,8,10,2024-03-13T06:08:50,2024-03-13T18:11:10,0.09,"Rain, Partially cloudy",Partly cloudy throughout the day with rain.,rain,"48992099999,VDPP,48991099999,48997099999"
cambodia,2024-03-14,96.1,79.9,87.1,103.3,79.9,93.2,72.4,63.5,0,0,0,,0,0,20.8,10.3,176.3,1011.3,30.4,6.1,255.5,22.1,9,10,2024-03-14T06:08:14,2024-03-14T18:11:13,0.13,Partially cloudy,Partly cloudy throughout the day.,partly-cloudy-day,"48992099999,VDPP,48991099999,48997099999"
cambodia,2024-03-15,98.6,78.8,87.4,105.8,78.1,93.7,68.5,61.5,0,0,0,,0,0,17.7,11.4,153.2,1010.8,30.9,6.2,281.3,24.2,10,10,2024-03-15T06:07:37,2024-03-15T18:11:15,0.16,Partially cloudy,Partly cloudy throughout the day.,partly-cloudy-day,"48992099999,VDPP,48991099999,48997099999"
cambodia,2024-03-16,95,77,85.4,101.4,77,89.9,72.4,67.4,0,0,0,,0,0,14.8,10.3,160.6,1011.8,34,6.1,278.5,24.1,10,10,2024-03-16T06:07:01,2024-03-16T18:11:18,0.2,Partially cloudy,Partly cloudy throughout the day.,partly-cloudy-day,"48992099999,VDPP,48991099999,remote,48997099999"
cambodia,2024-03-17,95.9,78.5,86.6,100.3,78.5,91.4,71.6,63.4,0,0,0,,0,0,17.2,8.8,167.3,1011.7,34.5,5.9,279.6,23.9,10,10,2024-03-17T06:06:24,2024-03-17T18:11:20,0.25,Partially cloudy,Partly cloudy throughout the day.,partly-cloudy-day,"48992099999,VDPP,48991099999,48997099999"
cambodia,2024-03-18,96.3,78.5,87.2,100.6,78.5,91.8,70.5,59.5,0,0,0,,0,0,19,10.4,178.5,1010.2,33.3,6,272.1,23.6,10,10,2024-03-18T06:05:48,2024-03-18T18:11:22,0.26,Partially cloudy,Partly cloudy throughout the day.,partly-cloudy-day,"48992099999,VDPP,48991099999,48997099999"
cambodia,2024-03-19,96.8,76.3,86.6,101.4,76.3,89.3,68.7,57.9,0,0,0,,0,0,18.6,11.4,163.7,1011,26.8,6.6,268.2,23.1,9,10,2024-03-19T06:05:11,2024-03-19T18:11:23,0.3,Partially cloudy,Partly cloudy throughout the day.,partly-cloudy-day,"48992099999,VDPP,48991099999,48997099999"
cambodia,2024-03-20,96.8,78.8,87.3,98.3,78.8,90.3,68.1,55.3,0,0,0,,0,0,19.7,11.4,130.5,1011.9,24.8,6.9,284.4,24.5,10,10,2024-03-20T06:04:34,2024-03-20T18:11:25,0.33,Partially cloudy,Partly cloudy throughout the day.,partly-cloudy-day,"48992099999,VDPP,48991099999,remote,48997099999"
cambodia,2024-03-21,96.8,82.4,89,103.6,85.9,93.9,69.6,54.1,0,0,0,,0,0,17.4,12.8,127.6,1010.3,36.9,6,262.8,22.6,9,10,2024-03-21T06:03:56,2024-03-21T18:11:27,0.36,Partially cloudy,Partly cloudy throughout the day.,partly-cloudy-day,"48992099999,VDPP,48991099999,48997099999"
cambodia,2024-03-22,97.2,78.8,87.3,101.7,78.8,92.4,71.2,61,0,0,0,,0,0,18.3,13.9,167.3,1008.2,44,5.9,267.1,23.1,9,10,2024-03-22T06:03:19,2024-03-22T18:11:28,0.4,Partially cloudy,Partly cloudy throughout the day.,partly-cloudy-day,"48992099999,VDPP,48991099999,48997099999"
cambodia,2024-03-23,95.2,79.7,86.8,101.2,79.7,92.7,72.5,64.3,0.008,100,8.33,rain,0,0,17.4,11.4,170.4,1009.2,39.3,6.2,248,21.4,8,10,2024-03-23T06:02:42,2024-03-23T18:11:30,0.43,"Rain, Partially cloudy",Partly cloudy throughout the day with morning rain.,rain,"48992099999,VDPP,48991099999,48997099999"
cambodia,2024-03-24,96.4,78.5,87.3,104,78.5,93.6,73.6,66.4,0.004,100,4.17,rain,0,0,17.2,10.3,161.9,1010.5,35.8,6.1,277.4,24.1,10,10,2024-03-24T06:02:04,2024-03-24T18:11:31,0.46,"Rain, Partially cloudy",Partly cloudy throughout the day with afternoon rain.,rain,"48992099999,VDPP,48991099999,48997099999"
cambodia,2024-03-25,96.8,78.6,87.8,103.9,78.6,93.8,72.8,63.4,0,0,0,,0,0,15.7,8.8,160.7,1010.4,39.6,6.1,269.8,23.3,10,10,2024-03-25T06:01:27,2024-03-25T18:11:32,0.5,Partially cloudy,Partly cloudy throughout the day.,partly-cloudy-day,"48992099999,VDPP,48991099999,48997099999"
cambodia,2024-03-26,98.6,80.1,88.3,106.9,85.5,96.2,73.8,64.2,0,0,0,,0,0,17,11.2,171.3,1011.3,48,5.9,266.1,23,10,10,2024-03-26T06:00:49,2024-03-26T18:11:33,0.53,Partially cloudy,Partly cloudy throughout the day.,partly-cloudy-day,"48992099999,VDPP,48991099999,48997099999"
cambodia,2024-03-27,96.3,82.3,89.1,103.9,89.3,96.6,72.8,60.3,0.008,100,4.17,rain,0,0,16.1,10.3,166.9,1012.4,41.8,6.1,281.8,24.3,10,10,2024-03-27T06:00:12,2024-03-27T18:11:35,0.57,"Rain, Partially cloudy",Partly cloudy throughout the day with late afternoon rain.,rain,"48992099999,VDPP,48991099999,48997099999"
cambodia,2024-03-28,96.7,80.5,87.9,107.2,86.9,97.8,75.6,68.3,0.008,100,8.33,rain,0,0,15.2,10.3,162.5,1010.7,40.6,6.6,205.9,17.8,9,10,2024-03-28T05:59:35,2024-03-28T18:11:36,0.6,"Rain, Partially cloudy",Partly cloudy throughout the day with rain.,rain,"48992099999,VDPP,48991099999,remote"
cambodia,2024-03-29,98.5,82.3,88.7,109.6,92.1,99.6,76.4,69.2,0.032,100,16.67,rain,0,0,18.6,9.2,153.1,1009.8,46.4,5.9,245.6,21.3,9,30,2024-03-29T05:58:57,2024-03-29T18:11:37,0.64,"Rain, Partially cloudy",Partly cloudy throughout the day with rain.,rain,VDPP
cambodia,2024-03-30,100.3,82.3,89.7,107.5,89.9,99,74.5,63.6,0.02,100,8.33,rain,0,0,17.9,9.2,160.8,1011.1,45.6,6.3,259.3,22.3,9,30,2024-03-30T05:58:20,2024-03-30T18:11:38,0.67,"Rain, Partially cloudy",Partly cloudy throughout the day with rain.,rain,"VDPP,remote"
cambodia,2024-03-31,100.3,82.3,90.6,109.8,90.6,100.8,75,62.8,0.075,100,12.5,rain,0,0,19.7,12.8,165.7,1010.3,31.3,6,265.8,22.9,9,30,2024-03-31T05:57:43,2024-03-31T18:11:40,0.7,"Rain, Partially cloudy",Partly cloudy throughout the day with rain.,rain,VDPP
cambodia,2024-04-01,102.1,80.5,91,112.1,87.9,102.1,75.7,64.1,0.004,100,4.17,rain,0,0,14.8,11.4,176.2,1008.1,35.7,7.5,256,22.3,9,30,2024-04-01T05:57:06,2024-04-01T18:11:41,0.74,"Rain, Partially cloudy",Partly cloudy throughout the day with late afternoon rain.,rain,"VDPP,48991099999,remote"
cambodia,2024-04-02,102.1,81.5,90.3,112.1,89.7,100.8,75.5,64.6,0.004,100,4.17,rain,0,0,19.7,54.4,179.2,1007.1,36.6,6.3,262.8,22.7,9,30,2024-04-02T05:56:29,2024-04-02T18:11:42,0.75,"Rain, Partially cloudy",Partly cloudy throughout the day with afternoon rain.,rain,"48992099999,VDPP,48991099999,48997099999"
cambodia,2024-04-03,100.4,81.7,90.5,114.5,89.7,102.7,76.8,66.7,0.008,100,8.33,rain,0,0,18.1,11.4,158.7,1007.7,38.9,6.2,264.2,22.8,9,30,2024-04-03T05:55:53,2024-04-03T18:11:44,0.81,"Rain, Partially cloudy",Partly cloudy throughout the day with rain in the morning and afternoon.,rain,"48992099999,VDPP,48991099999,remote,48997099999"
cambodia,2024-04-04,102.2,82.4,90.8,114.5,91.7,103.5,77,66.8,0,0,0,,0,0,18.8,11.4,163.8,1007.2,36.8,6.8,265.9,23,9,30,2024-04-04T05:55:16,2024-04-04T18:11:46,0.84,Partially cloudy,Partly cloudy throughout the day.,partly-cloudy-day,"48992099999,VDPP,48991099999,remote,48997099999"
cambodia,2024-04-05,102.2,82.4,91.7,116.9,81.9,103.9,72.2,61,0.008,100,8.33,rain,0,0,19.7,13.8,164.8,1006.6,29.5,7.2,282.9,24.5,9,30,2024-04-05T05:54:40,2024-04-05T18:11:47,0.88,"Rain, Partially cloudy",Partly cloudy throughout the day with morning rain.,rain,"48992099999,VDPP,48991099999,remote,48997099999"
cambodia,2024-04-06,98.6,84.2,90,109.8,94.1,101.1,75.8,64.9,0.004,100,4.17,rain,0,0,17.2,11.4,158.4,1007.4,30.7,5.9,241.2,20.8,8,30,2024-04-06T05:54:04,2024-04-06T18:11:49,0.91,"Rain, Partially cloudy",Partly cloudy throughout the day with afternoon rain.,rain,"48992099999,VDPP,48991099999,48997099999"
cambodia,2024-04-07,99.4,80.1,89.4,107.3,85.3,97,73.1,61.4,0,0,0,,0,0,16.1,9.5,168.6,1007.4,24.1,5.9,290.2,25.2,10,10,2024-04-07T05:53:28,2024-04-07T18:11:52,0.95,Partially cloudy,Partly cloudy throughout the day.,partly-cloudy-day,"48992099999,VDPP,48991099999,48997099999"
cambodia,2024-04-08,99.9,82.1,90.6,111.4,90.7,101.3,75.4,63.5,0,0,0,,0,0,17.2,9.5,175.4,1008,34.3,6.7,271.1,23.5,10,30,2024-04-08T05:52:53,2024-04-08T18:11:54,0.98,Partially cloudy,Partly cloudy throughout the day.,partly-cloudy-day,"48992099999,VDPP,48991099999,48997099999"
cambodia,2024-04-09,102.2,82.4,91.2,112.3,91.9,102.8,75.8,63.1,0,0,0,,0,0,19.5,12.8,150,1007.8,39.5,6,289.2,24.8,10,10,2024-04-09T05:52:18,2024-04-09T18:11:56,0,Partially cloudy,Partly cloudy throughout the day.,partly-cloudy-day,"48992099999,VDPP,48991099999,48997099999"
cambodia,2024-04-10,98.6,82.4,89.9,105.8,90.8,98.3,73.4,60.6,0,0,0,,0,0,21.5,12.8,149,1009.5,43.4,6,262.6,22.8,9,10,2024-04-10T05:51:43,2024-04-10T18:11:59,0.05,Partially cloudy,Partly cloudy throughout the day.,partly-cloudy-day,"48992099999,VDPP,48991099999,48997099999"
cambodia,2024-04-11,99.4,82.4,89.6,109.8,89,96.8,72.3,59.1,0,0,0,,0,0,18.6,10.2,166.2,1009.2,38.2,6.1,278.9,24.2,10,10,2024-04-11T05:51:09,2024-04-11T18:12:02,0.08,Partially cloudy,Partly cloudy throughout the day.,partly-cloudy-day,"48992099999,VDPP,48991099999,48997099999"
cambodia,2024-04-12,98.6,82.1,89.9,107,87.7,96.7,71.8,57.2,0,0,0,,0,0,20.8,11.6,179.3,1009.1,39.6,6.4,270.2,23.3,9,10,2024-04-12T05:50:35,2024-04-12T18:12:05,0.11,Partially cloudy,Partly cloudy throughout the day.,partly-cloudy-day,"48992099999,VDPP,48991099999,48997099999"
cambodia,2024-04-13,98.6,81.9,90,107.2,88,98.6,73.4,59.9,0.008,100,8.33,rain,0,0,19,11.4,168.8,1008.6,32.1,6.2,255.8,22.1,8,10,2024-04-13T05:50:01,2024-04-13T18:12:08,0.15,"Rain, Partially cloudy",Partly cloudy throughout the day with rain.,rain,"48992099999,VDPP,48991099999,48997099999"
cambodia,2024-04-14,98.6,80.6,89.8,107.7,85.1,98.4,73.5,60.5,0,0,0,,0,0,17.2,11.4,162.8,1009.1,30.1,6.4,290.8,25,10,10,2024-04-14T05:49:28,2024-04-14T18:12:12,0.18,Partially cloudy,Partly cloudy throughout the day.,partly-cloudy-day,"48992099999,VDPP,48991099999,remote,48997099999"
cambodia,2024-04-15,100.4,82.4,90.6,110,90.8,99.2,73.6,59.9,0,0,0,,0,0,16.3,10.3,159.4,1009.4,27,6.2,291.3,25.3,10,10,2024-04-15T05:48:55,2024-04-15T18:12:15,0.21,Partially cloudy,Partly cloudy throughout the day.,partly-cloudy-day,"48992099999,VDPP,48991099999"
cambodia,2024-04-16,100.4,82.1,90.2,107.4,89,98.8,73.6,60.5,0,0,0,,0,0,16.8,12.7,166.3,1008.3,31,5.9,279.5,24.1,9,10,2024-04-16T05:48:23,2024-04-16T18:12:20,0.25,Partially cloudy,Partly cloudy throughout the day.,partly-cloudy-day,"48992099999,VDPP,48991099999,48997099999"
cambodia,2024-04-17,97.9,82,89.7,105.6,88.5,97.3,72.7,59.1,0.008,100,8.33,rain,0,0,16.8,9.1,177.7,1008.2,34.5,6,268.6,23.2,9,10,2024-04-17T05:47:51,2024-04-17T18:12:24,0.28,"Rain, Partially cloudy",Partly cloudy throughout the day with rain.,rain,"48992099999,VDPP,48991099999,48997099999"
cambodia,2024-04-18,102.2,82.4,90.9,110,89,99.6,73.3,58.2,0.024,100,8.33,rain,0,0,20.1,16.1,172.8,1006.4,31.5,6.4,273.4,23.7,9,10,2024-04-18T05:47:19,2024-04-18T18:12:29,0.31,"Rain, Partially cloudy",Partly cloudy throughout the day with afternoon rain.,rain,"48992099999,VDPP,48991099999,48997099999"
cambodia,2024-04-19,100.4,82.4,90.1,107.4,90.4,98.1,73.1,60.5,0,0,0,,0,0,18.6,10.4,177.9,1005.7,33,6.1,283,24.5,10,30,2024-04-19T05:46:49,2024-04-19T18:12:33,0.34,Partially cloudy,Partly cloudy throughout the day.,partly-cloudy-day,"48992099999,VDPP,48991099999,48997099999"
cambodia,2024-04-20,100.4,81.3,90,106.3,87.8,96.9,71.9,58,0,0,0,,0,0,18.6,11.2,170.2,1006,24.7,6.3,279.3,24.1,10,10,2024-04-20T05:46:18,2024-04-20T18:12:39,0.38,Partially cloudy,Partly cloudy throughout the day.,partly-cloudy-day,"48992099999,VDPP,48991099999,48997099999"
cambodia,2024-04-21,102.2,79.9,90.1,112.3,79.9,97.7,73.1,60.3,0,0,0,,0,0,18.6,11.4,163,1006.5,33.2,6,297.5,25.7,10,10,2024-04-21T05:45:48,2024-04-21T18:12:44,0.41,Partially cloudy,Partly cloudy throughout the day.,partly-cloudy-day,"48992099999,VDPP,48991099999,48997099999"
cambodia,2024-04-22,98.8,79.9,89.2,110,79.9,98.4,74.8,64.7,0,0,0,,0,0,20.8,11.4,173.8,1006.6,33.3,6.8,287.3,25,10,10,2024-04-22T05:45:19,2024-04-22T18:12:50,0.44,Partially cloudy,Partly cloudy throughout the day.,partly-cloudy-day,"48992099999,VDPP,48991099999,48997099999"
cambodia,2024-04-23,100.1,81.4,90.2,109.2,87.5,98.2,72.9,58.8,0.004,100,4.17,rain,0,0,19.5,11.3,173,1006.2,31.3,6.2,266.1,22.9,9,30,2024-04-23T05:44:50,2024-04-23T18:12:56,0.47,"Rain, Partially cloudy",Partly cloudy throughout the day with afternoon rain.,rain,"48992099999,VDPP,48991099999,48997099999"
cambodia,2024-04-24,104,81.7,91.1,108.7,88.3,98.6,72,56.6,0,0,0,,0,0,19,12.7,172.4,1006.1,25.3,6.1,303.4,26.2,10,30,2024-04-24T05:44:22,2024-04-24T18:13:03,0.5,Partially cloudy,Partly cloudy throughout the day.,partly-cloudy-day,"48992099999,VDPP,48991099999,48997099999"
cambodia,2024-04-25,101,81.9,91,107.9,90.4,100.1,73.8,59.6,0.004,100,4.17,rain,0,0,19,10.4,177,1006.4,30.7,6.9,295.5,25.6,10,10,2024-04-25T05:43:55,2024-04-25T18:13:10,0.54,"Rain, Partially cloudy",Partly cloudy throughout the day with afternoon rain.,rain,"48992099999,VDPP,48991099999,48997099999"
cambodia,2024-04-26,101.5,83.5,92.1,113.4,91.7,101.7,73.8,56.8,0.02,100,12.5,rain,0,0,22.8,13,182.5,1005.9,33.8,6.1,271.6,23.6,9,60,2024-04-26T05:43:28,2024-04-26T18:13:17,0.58,"Rain, Partially cloudy",Partly cloudy throughout the day with rain in the morning and afternoon.,rain,"48992099999,VDPP,48991099999,48997099999"
cambodia,2024-04-27,102.4,83.3,92.3,113.8,93,103.1,74.8,59.1,0,0,0,,0,0,17.7,11.9,174.3,1005.7,32.3,6.1,295,25.7,10,60,2024-04-27T05:43:02,2024-04-27T18:13:25,0.61,Partially cloudy,Partly cloudy throughout the day.,partly-cloudy-day,"48992099999,VDPP,48991099999,48997099999"
cambodia,2024-04-28,103.6,85,92.8,113.4,96.6,103.9,74.9,58.4,0.04,100,16.67,rain,0,0,18.1,12.7,178,1006.6,29.3,6.1,270.9,23.4,9,60,2024-04-28T05:42:36,2024-04-28T18:13:32,0.65,"Rain, Partially cloudy",Partly cloudy throughout the day with a chance of rain throughout the day.,rain,"48992099999,VDPP,48991099999,48997099999"
cambodia,2024-04-29,103.3,84.2,93.3,110.4,95.4,103.2,73.6,56.2,0.008,100,4.17,rain,0,0,16.1,12.1,182,1006.9,25.8,6.1,299.5,25.9,10,60,2024-04-29T05:42:11,2024-04-29T18:13:41,0.68,"Rain, Partially cloudy",Partly cloudy throughout the day with afternoon rain.,rain,"48992099999,VDPP,48991099999,48997099999"
cambodia,2024-04-30,102.8,83.2,92.1,116.2,93,103.9,75.7,61.2,0,0,0,,0,0,19.9,14.7,184.9,1005.1,33.6,6.2,291.1,25,10,30,2024-04-30T05:41:47,2024-04-30T18:13:49,0.72,Partially cloudy,Partly cloudy throughout the day.,partly-cloudy-day,"48992099999,VDPP,48991099999,48997099999"
cambodia,2024-05-01,105.7,82.3,93.1,116.9,92.1,104.7,75.2,59.4,0.004,100,4.17,rain,0,0,17.7,17.2,179.3,1003.9,28.2,6.1,287.3,24.8,10,30,2024-05-01T05:41:24,2024-05-01T18:13:58,0.75,"Rain, Partially cloudy",Partly cloudy throughout the day with afternoon rain.,rain,"48992099999,VDPP,48991099999,48997099999"
cambodia,2024-05-02,102,83.6,92.1,115.5,93.9,104.2,75.8,61.5,0.012,100,12.5,rain,0,0,20.1,11.4,169.1,1005.4,33.9,6.4,267.1,23.1,9,60,2024-05-02T05:41:01,2024-05-02T18:14:08,0.79,"Rain, Partially cloudy",Partly cloudy throughout the day with afternoon rain.,rain,"48992099999,VDPP,48991099999,remote,48997099999"
cambodia,2024-05-03,101.2,85.1,92.4,110.7,92,102.6,74,57.6,0.075,100,20.83,rain,0,0,18.1,9.1,181.8,1006.8,41.7,7.3,261.2,22.7,8,30,2024-05-03T05:40:39,2024-05-03T18:14:17,0.83,"Rain, Partially cloudy",Partly cloudy throughout the day with rain.,rain,"48992099999,VDPP,48991099999,48997099999"
cambodia,2024-05-04,98.3,77.1,86.7,115.2,77.1,96.2,76.2,72.6,0.665,100,54.17,rain,0,0,26.4,13.9,162.6,1006.8,53.2,5.8,228.9,19.8,9,30,2024-05-04T05:40:17,2024-05-04T18:14:28,0.86,"Rain, Partially cloudy",Partly cloudy throughout the day with a chance of rain throughout the day.,rain,"48992099999,VDPP,48991099999,48997099999"
cambodia,2024-05-05,97.1,80.9,87.7,111.5,86,100,77.9,74.5,0.189,100,29.17,rain,0,0,16.3,12.9,171.9,1006.7,52,6.3,235.9,20.3,8,30,2024-05-05T05:39:57,2024-05-05T18:14:38,0.9,"Rain, Partially cloudy",Partly cloudy throughout the day with rain in the morning and afternoon.,rain,"48992099999,VDPP,48991099999,48997099999"
cambodia,2024-05-06,99,79.8,88.9,109.7,79.8,98.1,75.5,67.3,0,0,0,rain,0,0,16.3,7.5,168.5,1007.7,43.8,6.1,245.1,21.1,9,30,2024-05-06T05:39:37,2024-05-06T18:14:49,0.93,Partially cloudy,Partly cloudy throughout the day.,partly-cloudy-day,"48992099999,VDPP,48991099999,48997099999"
cambodia,2024-05-07,98.8,79.5,89.3,107.6,79.5,98.7,74.8,64.7,0.18,100,37.5,rain,0,0,16.1,12,169.3,1009.4,49.5,6.1,263.4,22.8,9,10,2024-05-07T05:39:18,2024-05-07T18:15:00,0.97,"Rain, Partially cloudy",Partly cloudy throughout the day with rain.,rain,"48992099999,VDPP,48991099999,48997099999"
cambodia,2024-05-08,98.5,78.6,88.1,107.7,78.6,96.8,75.7,70,0.258,100,66.67,rain,0,0,14.3,10.4,148,1009,48.6,6,188.2,16.2,7,10,2024-05-08T05:38:59,2024-05-08T18:15:12,0,"Rain, Partially cloudy",Partly cloudy throughout the day with a chance of rain throughout the day.,rain,"48992099999,VDPP,48991099999,48997099999"
cambodia,2024-05-09,96.8,82.4,87.3,107.4,89.4,99,77.2,73.1,0.218,100,75,rain,0,0,18.1,13.9,143.2,1008.2,55.2,6.1,234.2,20.4,8,30,2024-05-09T05:38:42,2024-05-09T18:15:23,0.03,"Rain, Partially cloudy",Partly cloudy throughout the day with a chance of rain throughout the day.,rain,"48992099999,VDPP,48991099999,48997099999"
cambodia,2024-05-10,98.6,81.8,88.8,111.6,90.9,100.3,76.8,69.9,0.044,100,37.5,rain,0,0,15.2,10.4,159,1008.8,51,6.3,248.2,21.5,8,30,2024-05-10T05:38:25,2024-05-10T18:15:36,0.07,"Rain, Partially cloudy",Partly cloudy throughout the day with a chance of rain throughout the day.,rain,"48992099999,VDPP,48991099999,remote,48997099999"
cambodia,2024-05-11,98.3,83.4,89.7,111.7,94.2,102.2,77.1,68.2,0.036,100,12.5,rain,0,0,15.9,9.9,167.4,1009.7,49.1,6.8,260.5,22.5,8,30,2024-05-11T05:38:09,2024-05-11T18:15:48,0.1,"Rain, Partially cloudy",Partly cloudy throughout the day with rain.,rain,"48992099999,VDPP,48991099999,48997099999"
cambodia,2024-05-12,95.8,82.5,88.4,108.1,93.4,101.8,78.3,73.6,0.11,100,37.5,rain,0,0,15,7.2,163.2,1009.2,46.9,6,243.3,21.1,9,30,2024-05-12T05:37:54,2024-05-12T18:16:01,0.13,"Rain, Partially cloudy",Partly cloudy throughout the day with a chance of rain throughout the day.,rain,"48992099999,VDPP,48991099999,48997099999"
cambodia,2024-05-13,96.4,82.1,88.4,108.5,92.4,100,77,70.7,0.178,100,50,rain,0,0,13.9,9.1,187.7,1008.3,39.6,6.1,223.1,19.3,9,30,2024-05-13T05:37:40,2024-05-13T18:16:14,0.16,"Rain, Partially cloudy",Partly cloudy throughout the day with a chance of rain throughout the day.,rain,"48992099999,VDPP,48991099999,48997099999"
cambodia,2024-05-14,98.6,82.4,89.9,109.8,91.5,101.4,76.3,66.4,0.087,100,16.67,rain,0,0,13.6,8.1,60.5,1008,50,6,245.8,21.4,8,30,2024-05-14T05:37:26,2024-05-14T18:16:28,0.2,"Rain, Partially cloudy",Partly cloudy throughout the day with rain.,rain,"48992099999,VDPP,48991099999,48997099999"
cambodia,2024-05-15,98.6,83.2,87.7,112.1,92.2,101.5,78.5,75.1,0.348,100,54.17,rain,0,0,20.8,11.4,174.2,1008.7,47.3,6.4,188.8,16.2,7,30,2024-05-15T05:37:13,2024-05-15T18:16:42,0.25,"Rain, Partially cloudy",Partly cloudy throughout the day with a chance of rain throughout the day.,rain,"48992099999,VDPP,48991099999,remote,48997099999"
cambodia,2024-05-16,98.6,80,87.7,109.8,80,98.1,76.7,72.2,0.036,100,29.17,rain,0,0,15,9.7,150.4,1008.6,47.6,6.4,259.4,22.3,9,30,2024-05-16T05:37:01,2024-05-16T18:16:56,0.26,"Rain, Partially cloudy",Partly cloudy throughout the day with rain in the morning and afternoon.,rain,"48992099999,VDPP,48991099999,48997099999"
cambodia,2024-05-17,96.8,81.9,87.6,112.4,91.2,99.6,77.5,73.3,0.177,100,45.83,rain,0,0,19.5,13.4,166.6,1008.2,50,6.2,214,18.5,9,30,2024-05-17T05:36:50,2024-05-17T18:17:10,0.29,"Rain, Partially cloudy",Partly cloudy throughout the day with rain in the morning and afternoon.,rain,"48992099999,VDPP,48991099999,48997099999"
cambodia,2024-05-18,99.1,81.2,87.5,109.8,89.8,99,77.4,74.3,0.036,100,25,rain,0,0,14.1,11.6,193.3,1006.6,57.3,6.8,268.1,23.1,9,30,2024-05-18T05:36:40,2024-05-18T18:17:25,0.33,"Rain, Partially cloudy",Partly cloudy throughout the day with rain.,rain,"48992099999,VDPP,48991099999,48997099999"
cambodia,2024-05-19,97.9,82.6,89.4,108.2,95.5,102.4,77.7,70.7,0.221,100,25,rain,0,0,19.7,12.7,204.9,1004.8,52,6.2,252.2,21.7,8,30,2024-05-19T05:36:31,2024-05-19T18:17:40,0.36,"Rain, Partially cloudy",Partly cloudy throughout the day with rain in the morning and afternoon.,rain,"48992099999,VDPP,48991099999,48997099999"
cambodia,2024-05-20,101.1,83.5,90.9,111.6,96.2,104,77.1,66.3,0.193,100,33.33,rain,0,0,17,13.9,209.4,1004.6,49,5.9,219.3,18.8,8,30,2024-05-20T05:36:22,2024-05-20T18:17:55,0.39,"Rain, Partially cloudy",Partly cloudy throughout the day with rain.,rain,"48992099999,VDPP,48991099999,48997099999"
cambodia,2024-05-21,92.5,81,86.3,106.2,88.2,97.5,77.3,75.5,0.526,100,66.67,rain,0,0,18.3,11.2,149.8,1006.5,62.7,6.2,149.5,12.8,7,30,2024-05-21T05:36:14,2024-05-21T18:18:11,0.42,"Rain, Partially cloudy",Partly cloudy throughout the day with a chance of rain throughout the day.,rain,"48992099999,VDPP,48991099999,48997099999"
cambodia,2024-05-22,96.8,80.9,86,109.9,88.9,97,77.7,78,0.1,100,45.83,rain,0,0,27.7,15,314.8,1006.5,57.2,6.6,167,14.4,6,30,2024-05-22T05:36:08,2024-05-22T18:18:27,0.46,"Rain, Partially cloudy",Partly cloudy throughout the day with a chance of rain throughout the day.,rain,"48992099999,VDPP,48991099999"
cambodia,2024-05-23,96.6,81.7,88.2,107.9,91.4,99.5,77.1,72.2,0.016,100,8.33,rain,0,0,15.4,8.2,228,1006.5,47.9,5.9,241.2,20.7,8,30,2024-05-23T05:36:01,2024-05-23T18:18:43,0.5,"Rain, Partially cloudy",Partly cloudy throughout the day with afternoon rain.,rain,"48992099999,VDPP,48991099999,48997099999"
cambodia,2024-05-24,96.9,83.1,88.3,109.4,95.6,101.1,77.9,73.1,0.086,100,20.83,rain,0,0,13.6,8.5,124.4,1006.8,50,6,252.6,22,9,60,2024-05-24T05:35:56,2024-05-24T18:18:59,0.52,"Rain, Partially cloudy",Partly cloudy throughout the day with rain.,rain,"48992099999,VDPP,48991099999,48997099999"
cambodia,2024-05-25,98.1,81.9,88.5,114.1,92.5,101.6,77.9,72.5,0.108,100,37.5,rain,0,0,15,9.7,176.3,1007.2,50,5.9,234.3,20.2,8,30,2024-05-25T05:35:52,2024-05-25T18:19:15,0.56,"Rain, Partially cloudy",Partly cloudy throughout the day with rain.,rain,"48992099999,VDPP,48991099999,48997099999"
cambodia,2024-05-26,97.5,80.4,87.8,112.3,87.6,99.8,77.5,73.1,0.189,100,41.67,rain,0,0,13.2,12.5,185.5,1008.3,56,6.4,244.3,20.9,8,30,2024-05-26T05:35:48,2024-05-26T18:19:32,0.59,"Rain, Partially cloudy",Partly cloudy throughout the day with a chance of rain throughout the day.,rain,"48992099999,VDPP,48991099999,48997099999"
cambodia,2024-05-27,102.2,78.8,90.4,112.3,78.8,103.2,77.6,69.9,0.108,100,29.17,rain,0,0,20.8,10.2,205.1,1005.9,42.8,6.3,267.9,23.2,10,30,2024-05-27T05:35:45,2024-05-27T18:19:48,0.63,"Rain, Partially cloudy",Partly cloudy throughout the day with rain.,rain,"48992099999,VDPP,48991099999,48997099999"
cambodia,2024-05-28,97.5,77,88.2,111.9,77,100.8,78.6,76.1,0.044,100,20.83,rain,0,0,21,11.4,237.6,1006.1,50,5.9,232.5,20,8,60,2024-05-28T05:35:43,2024-05-28T18:20:05,0.67,"Rain, Partially cloudy",Partly cloudy throughout the day with rain.,rain,"48992099999,VDPP,48991099999,48997099999"
cambodia,2024-05-29,94.5,82.9,88,106.7,93.6,100.1,77.3,71.9,0.493,100,33.33,rain,0,0,20.8,9.4,257.5,1006,52.1,6.3,206.2,17.7,8,30,2024-05-29T05:35:42,2024-05-29T18:20:22,0.7,"Rain, Partially cloudy",Partly cloudy throughout the day with rain.,rain,"48992099999,VDPP,48991099999,48997099999"
cambodia,2024-05-30,94,80.9,85.2,110.3,90.1,97.5,79.5,84.5,0.166,100,41.67,rain,0,0,21,8.2,192.6,1006.3,66.3,6.1,155.7,13.5,6,30,2024-05-30T05:35:41,2024-05-30T18:20:39,0.74,"Rain, Partially cloudy",Partly cloudy throughout the day with a chance of rain throughout the day.,rain,"48992099999,VDPP,48991099999"
cambodia,2024-05-31,92.2,80,82.5,104.1,80,91.1,78.7,89.5,0.7,100,45.83,rain,0,0,21.9,11,207.7,1007.6,74.3,5.8,172,15,8,30,2024-05-31T05:35:42,2024-05-31T18:20:56,0.75,"Rain, Partially cloudy",Partly cloudy throughout the day with rain.,rain,"48992099999,VDPP,48991099999,48997099999"
cambodia,2024-06-01,95,79.9,87.1,109.9,79.9,97.2,77.1,74.3,0.365,100,54.17,rain,0,0,19.9,12.8,219.7,1009.1,50,5.9,109.5,9.6,4,30,2024-06-01T05:35:43,2024-06-01T18:21:13,0.81,"Rain, Partially cloudy",Partly cloudy throughout the day with a chance of rain throughout the day.,rain,"48992099999,VDPP,48991099999,48997099999"
cambodia,2024-06-02,96.8,82.4,88.8,107.4,90.8,99.2,75.9,67.6,0.008,100,4.17,rain,0,0,20.8,6.9,291.2,1009.5,48.2,6.6,259.9,22.7,9,30,2024-06-02T05:35:44,2024-06-02T18:21:30,0.85,"Rain, Partially cloudy",Partly cloudy throughout the day with afternoon rain.,rain,"48992099999,VDPP,48991099999,48997099999"
cambodia,2024-06-03,97.8,82.5,89.7,105.7,87.8,98.6,73.7,60.8,0,0,0,,0,0,18.8,11.2,281.9,1008.5,44.8,6.1,273,23.5,9,10,2024-06-03T05:35:47,2024-06-03T18:21:47,0.88,Partially cloudy,Partly cloudy throughout the day.,partly-cloudy-day,"48992099999,VDPP,48991099999,48997099999"
cambodia,2024-06-04,100.8,82.9,90.6,109.7,92.6,101,75.1,63.5,0.004,100,4.17,rain,0,0,13.4,11,226,1007.7,42.2,6,286.6,24.8,10,60,2024-06-04T05:35:50,2024-06-04T18:22:04,0.92,"Rain, Partially cloudy",Partly cloudy throughout the day with afternoon rain.,rain,"48992099999,VDPP,48991099999,48997099999"
cambodia,2024-06-05,99,82.8,87.7,109,93.7,99.3,77.2,73,0.004,100,4.17,rain,0,0,17.9,18.4,223.6,1008.3,48.5,5.7,266.8,22.9,9,60,2024-06-05T05:35:54,2024-06-05T18:22:21,0.95,"Rain, Partially cloudy",Partly cloudy throughout the day with afternoon rain.,rain,"48992099999,VDPP,48991099999,48997099999"
cambodia,2024-06-06,100.4,81.9,88.8,111.5,91.6,100.3,77,71.3,0,0,0,,0,0,13.9,9.1,210.6,1008.5,45,6.1,254.5,21.8,9,30,2024-06-06T05:35:59,2024-06-06T18:22:38,0,Partially cloudy,Partly cloudy throughout the day.,partly-cloudy-day,"48992099999,VDPP,48991099999,48997099999"
cambodia,2024-06-07,98.6,82.4,88.4,107.7,92.4,100,77.1,71.7,0.197,100,29.17,rain,0,0,15.4,16.1,234.3,1006.7,52.3,6.2,228.3,19.7,8,30,2024-06-07T05:36:04,2024-06-07T18:22:55,0.02,"Rain, Partially cloudy",Partly cloudy throughout the day with a chance of rain throughout the day.,rain,"48992099999,VDPP,48991099999,48997099999"
cambodia,2024-06-08,98.6,79.9,85.8,109.7,79.9,96.3,78.4,81.1,0.141,100,8.33,rain,0,0,19.7,6.9,223.6,1005.7,60.9,5.9,251.3,21.6,9,30,2024-06-08T05:36:10,2024-06-08T18:23:12,0.05,"Rain, Partially cloudy",Partly cloudy throughout the day with afternoon rain.,rain,"48992099999,VDPP,48991099999"
cambodia,2024-06-09,94.1,81.7,86.3,103.2,90.4,95.2,75.5,72,0.119,100,25,rain,0,0,23.3,11.9,234.6,1006.1,58,6,179.4,15.3,8,10,2024-06-09T05:36:17,2024-06-09T18:23:28,0.09,"Rain, Partially cloudy",Partly cloudy throughout the day with afternoon rain.,rain,"48992099999,VDPP,48991099999,48997099999"
cambodia,2024-06-10,90.7,80.3,84.6,99.3,85.9,91.6,74,71.4,0.024,100,12.5,rain,0,0,29.3,15.6,241.4,1008.1,65.8,6.1,101.2,8.7,4,10,2024-06-10T05:36:24,2024-06-10T18:23:45,0.12,"Rain, Partially cloudy",Partly cloudy throughout the day with a chance of rain throughout the day.,rain,"48992099999,VDPP,48991099999,48997099999"
cambodia,2024-06-11,95,79.9,86.9,104.2,79.9,94.9,74.6,68.6,0.166,100,29.17,rain,0,0,27.7,13.8,233.2,1009,50.2,6.1,224.5,19.4,7,30,2024-06-11T05:36:32,2024-06-11T18:24:01,0.15,"Rain, Partially cloudy",Partly cloudy throughout the day with rain in the morning and afternoon.,rain,"48992099999,VDPP,48991099999,48997099999"
cambodia,2024-06-12,98.6,81.8,87.7,107.7,79.4,96.7,66.7,62.9,0.157,100,16.67,rain,0,0,21.3,13.9,243.9,1009.2,58.4,6.8,251.4,21.7,9,30,2024-06-12T05:36:40,2024-06-12T18:24:17,0.18,"Rain, Partially cloudy",Partly cloudy throughout the day with afternoon rain.,rain,"48992099999,VDPP,48991099999,48997099999"
cambodia,2024-06-13,100.4,84.2,90.4,109.8,92.4,101.4,75.5,63.5,0.012,100,8.33,rain,0,0,20.1,9.2,264.8,1007.4,49,6,282.1,24.4,9,30,2024-06-13T05:36:49,2024-06-13T18:24:33,0.22,"Rain, Partially cloudy",Partly cloudy throughout the day with rain.,rain,"48992099999,VDPP,48991099999"
cambodia,2024-06-14,102,83.5,90.4,111.1,91.4,99.9,74.3,61.4,0,0,0,,0,0,13.4,10.6,256.8,1005.7,47,6.1,284.3,24.6,9,60,2024-06-14T05:36:59,2024-06-14T18:24:48,0.25,Partially cloudy,Partly cloudy throughout the day.,partly-cloudy-day,"48992099999,VDPP,48991099999,48997099999"
cambodia,2024-06-15,97.9,80.2,87.9,109.3,85.4,97.5,75.5,68.9,0.469,100,33.33,rain,0,0,17.7,12.9,218.6,1005.2,47.9,5.9,250.9,21.7,9,60,2024-06-15T05:37:09,2024-06-15T18:25:03,0.28,"Rain, Partially cloudy",Partly cloudy throughout the day with a chance of rain throughout the day.,rain,"48992099999,VDPP,48991099999,48997099999"
cambodia,2024-06-16,93.2,77,84.7,109,77,93.3,76.6,77.6,0.45,100,66.67,rain,0,0,18.3,11.4,181.7,1006.3,62,5.8,175.4,15.1,7,10,2024-06-16T05:37:20,2024-06-16T18:25:18,0.31,"Rain, Partially cloudy",Partly cloudy throughout the day with a chance of rain throughout the day.,rain,"48992099999,VDPP,48991099999,48997099999"
cambodia,2024-06-17,95,78.2,86.8,109.9,78.2,97.5,72.3,69.8,0.091,100,25,rain,0,0,19.7,9.2,217.8,1006.5,47.1,5.9,239.6,20.7,9,10,2024-06-17T05:37:31,2024-06-17T18:25:33,0.34,"Rain, Partially cloudy",Partly cloudy throughout the day with rain.,rain,"48992099999,VDPP,48991099999,48997099999"
cambodia,2024-06-18,98.6,80.6,87.4,107.4,87.1,97.1,76.1,72.3,0.198,100,29.17,rain,0,0,23,10.3,236.3,1005.8,47.5,5.8,239.5,20.6,9,30,2024-06-18T05:37:43,2024-06-18T18:25:47,0.38,"Rain, Partially cloudy",Partly cloudy throughout the day with rain in the morning and afternoon.,rain,"48992099999,VDPP,48991099999,48997099999"
cambodia,2024-06-19,96.8,81.4,87.6,107.4,89.9,98.9,77,72.8,0.008,100,8.33,rain,0,0,18.1,12.2,234.2,1005.1,50.8,6.3,264.3,22.8,8,30,2024-06-19T05:37:55,2024-06-19T18:26:01,0.41,"Rain, Partially cloudy",Partly cloudy throughout the day with rain in the morning and afternoon.,rain,"48992099999,VDPP,48991099999,remote,48997099999"
cambodia,2024-06-20,95.7,78.8,85.2,106.4,78.8,94.4,77,78.4,0.351,100,16.67,rain,0,0,17,9.5,241.1,1005.1,65,6.2,203.4,17.5,8,30,2024-06-20T05:38:07,2024-06-20T18:26:14,0.44,"Rain, Partially cloudy",Partly cloudy throughout the day with rain in the morning and afternoon.,rain,"48992099999,VDPP,48991099999,48997099999"
cambodia,2024-06-21,89.6,79.1,83.9,105.1,79.1,94.7,74.3,81.7,0.281,100,45.83,rain,0,0,17.2,8,215.9,1004.3,58.6,6.3,130,11.2,7,10,2024-06-21T05:38:20,2024-06-21T18:26:27,0.47,"Rain, Partially cloudy",Partly cloudy throughout the day with rain.,rain,"48992099999,VDPP,48991099999,48997099999"
cambodia,2024-06-22,91.4,78.8,84.1,105,78.8,92.4,77,80.1,0.759,100,66.67,rain,0,0,21.9,16.1,223.1,1003.9,62.9,5.9,135.3,11.6,6,10,2024-06-22T05:38:33,2024-06-22T18:26:40,0.5,"Rain, Partially cloudy",Partly cloudy throughout the day with a chance of rain throughout the day.,rain,"48992099999,VDPP,48991099999,48997099999"
cambodia,2024-06-23,87.8,77,82.6,99.9,77,88.8,76.1,81.8,0.33,100,87.5,rain,0,0,28.9,15,226.7,1005.6,62.9,5.9,129.8,11.1,6,10,2024-06-23T05:38:47,2024-06-23T18:26:52,0.54,"Rain, Partially cloudy",Partly cloudy throughout the day with a chance of rain throughout the day.,rain,"48992099999,VDPP,48991099999,48997099999"
cambodia,2024-06-24,87.8,77.3,82.4,99.9,77.3,88.3,76,81.7,0.347,100,62.5,rain,0,0,32.9,11.4,218.4,1006.6,74.5,6.4,129.2,11.1,7,10,2024-06-24T05:39:01,2024-06-24T18:27:04,0.58,"Rain, Partially cloudy",Partly cloudy throughout the day with a chance of rain throughout the day.,rain,"48992099999,VDPP,48991099999,remote,48997099999"
cambodia,2024-06-25,89.6,77,80.9,104.3,77,85.1,77,88.6,0.388,100,91.67,rain,0,0,22.4,10.2,200.6,1006.3,74.2,5.6,170.4,14.8,6,10,2024-06-25T05:39:15,2024-06-25T18:27:15,0.61,"Rain, Partially cloudy",Partly cloudy throughout the day with a chance of rain throughout the day.,rain,"48992099999,VDPP,48991099999,48997099999"
cambodia,2024-06-26,95,78.8,84.1,106.3,78.8,89.6,76.4,80,0.251,100,62.5,rain,0,0,16.6,13.8,231.5,1006.9,50,5.9,191.9,16.7,6,30,2024-06-26T05:39:30,2024-06-26T18:27:25,0.65,"Rain, Partially cloudy",Partly cloudy throughout the day with a chance of rain throughout the day.,rain,"48992099999,VDPP,48991099999,48997099999"
cambodia,2024-06-27,95,78.8,85.8,103.1,78.8,93.7,76.2,75.9,0.036,100,16.67,rain,0,0,11.2,8.1,299.2,1007.9,50,6,193.7,16.7,7,30,2024-06-27T05:39:44,2024-06-27T18:27:35,0.69,"Rain, Partially cloudy",Partly cloudy throughout the day with morning rain.,rain,"48992099999,VDPP,48991099999,48997099999"
cambodia,2024-06-28,93.2,80.6,85.3,110.3,87.8,96.9,78.8,82.4,0.186,100,45.83,rain,0,0,12.5,10.2,168,1007.6,48.1,7.9,222.6,19.2,8,30,2024-06-28T05:39:59,2024-06-28T18:27:45,0.72,"Rain, Partially cloudy",Partly cloudy throughout the day with a chance of rain throughout the day.,rain,"48992099999,VDPP,48991099999,48997099999"
cambodia,2024-06-29,95,80.3,86.3,111.5,87.9,99,79,80.4,0.245,100,41.67,rain,0,0,17.4,12.7,180.4,1008.1,51.2,6.3,224.9,19.5,7,30,2024-06-29T05:40:15,2024-06-29T18:27:53,0.75,"Rain, Partially cloudy",Partly cloudy throughout the day with rain.,rain,"48992099999,VDPP,48991099999,48997099999"
cambodia,2024-06-30,95,80.6,86.2,109.9,88.9,97.9,78.4,79.4,0.115,100,29.17,rain,0,0,20.1,13.8,207.7,1008.8,46.2,5.9,256.5,22,8,30,2024-06-30T05:40:30,2024-06-30T18:28:01,0.79,"Rain, Partially cloudy",Partly cloudy throughout the day with rain in the morning and afternoon.,rain,"48992099999,VDPP,48991099999,48997099999"
cambodia,2024-07-01,95,80.6,85.6,107.4,88.9,96.6,78,79.6,0.111,100,29.17,rain,0,0,22.1,12.8,232.1,1007.6,51.7,6.4,221.4,19.1,8,30,2024-07-01T05:40:46,2024-07-01T18:28:09,0.83,"Rain, Partially cloudy",Partly cloudy throughout the day with rain in the morning and afternoon.,rain,"48992099999,VDPP,48991099999,remote,48997099999"
cambodia,2024-07-02,96.8,78.8,85.7,110.3,78.8,95.1,77.7,79.3,0.746,100,62.5,rain,0,0,13.4,12.8,236.3,1005.5,57.1,6,242.2,20.9,8,30,2024-07-02T05:41:01,2024-07-02T18:28:16,0.87,"Rain, Partially cloudy",Partly cloudy throughout the day with a chance of rain throughout the day.,rain,"48992099999,VDPP,48991099999,48997099999"
cambodia,2024-07-03,91.4,77,82.6,108.2,77,89.3,79,90.1,0.271,100,41.67,rain,0,0,16.1,16,176.7,1007.5,76.1,6,181.4,15.6,7,30,2024-07-03T05:41:17,2024-07-03T18:28:22,0.9,"Rain, Partially cloudy",Partly cloudy throughout the day with a chance of rain throughout the day.,rain,"48992099999,VDPP,48991099999,remote,48997099999"
cambodia,2024-07-04,89.6,77,81.6,105.1,77,87.3,78.6,91.5,0.62,100,83.33,rain,0,0,19.2,13.8,175.6,1008.9,82.3,5.7,181.6,15.8,7,10,2024-07-04T05:41:33,2024-07-04T18:28:27,0.94,"Rain, Partially cloudy",Partly cloudy throughout the day with a chance of rain throughout the day.,rain,"48992099999,VDPP,48991099999,48997099999"
cambodia,2024-07-05,91.4,78.8,82.9,105.1,78.8,89.3,78.1,87,0.32,100,45.83,rain,0,0,18.3,12.7,225.3,1007.3,71,5.8,189.6,16.4,8,30,2024-07-05T05:41:49,2024-07-05T18:28:32,0.97,"Rain, Partially cloudy",Partly cloudy throughout the day with a chance of rain throughout the day.,rain,"48992099999,VDPP,48991099999,48997099999"
cambodia,2024-07-06,95,78.8,85.6,108.8,78.8,94.9,73.6,77.4,0.205,100,29.17,rain,0,0,13.2,8,142,1005.2,46.6,6.4,258.6,22.2,9,30,2024-07-06T05:42:05,2024-07-06T18:28:36,0,"Rain, Partially cloudy",Partly cloudy throughout the day with rain.,rain,"48992099999,VDPP,48991099999,48997099999"
cambodia,2024-07-07,93.2,80.6,85.5,109.5,89.2,99.1,79.9,84.4,0.564,100,54.17,rain,0,0,15.7,12.8,180.3,1005.7,54.9,5.9,198,17,7,30,2024-07-07T05:42:21,2024-07-07T18:28:39,0.04,"Rain, Partially cloudy",Partly cloudy throughout the day with a chance of rain throughout the day.,rain,"48992099999,VDPP,48991099999,48997099999"
cambodia,2024-07-08,95,79.1,86,112.8,79.1,98,74.2,76.8,0.189,100,37.5,rain,0,0,15.4,13.9,200.4,1006.1,56.8,6.3,207.6,17.9,8,30,2024-07-08T05:42:37,2024-07-08T18:28:42,0.07,"Rain, Partially cloudy",Partly cloudy throughout the day with rain.,rain,"48992099999,VDPP,48991099999,48997099999"
cambodia,2024-07-09,93.2,79.1,84.9,110.8,79.1,96.1,69.8,76.2,0.832,100,50,rain,0,0,26.4,13.8,203.4,1007.9,53.2,6.7,211.8,18.3,9,30,2024-07-09T05:42:53,2024-07-09T18:28:43,0.11,"Rain, Partially cloudy",Partly cloudy throughout the day with rain.,rain,"48992099999,VDPP,48991099999,48997099999"
cambodia,2024-07-10,91.4,77,82.6,111.4,77,90.5,79.3,90.6,0.591,100,87.5,rain,0,0,19.2,13.9,174.7,1008.7,80.8,5.8,179.7,15.5,7,30,2024-07-10T05:43:08,2024-07-10T18:28:44,0.14,"Rain, Partially cloudy",Partly cloudy throughout the day with a chance of rain throughout the day.,rain,"48992099999,VDPP,48991099999,48997099999"
cambodia,2024-07-11,93.2,80.6,84.9,106.3,87.1,95,77.8,81.1,0.76,100,62.5,rain,0,0,22.1,10.3,224.2,1007.1,61.3,6,189,16.3,7,30,2024-07-11T05:43:24,2024-07-11T18:28:44,0.17,"Rain, Partially cloudy",Partly cloudy throughout the day with a chance of rain throughout the day.,rain,"48992099999,VDPP,48991099999,48997099999"
cambodia,2024-07-12,93.2,80.6,84.5,107.5,86.1,93.4,76.4,77.5,0.116,100,45.83,rain,0,0,28.4,16.1,225.6,1005.8,58.1,6.1,198.5,17.1,8,10,2024-07-12T05:43:40,2024-07-12T18:28:44,0.2,"Rain, Partially cloudy",Partly cloudy throughout the day with a chance of rain throughout the day.,rain,"48992099999,VDPP,48991099999,48997099999"
cambodia,2024-07-13,91.4,77.3,83.7,99.6,77.3,90.4,69.9,71,0.245,100,58.33,rain,0,0,22.8,18.3,237.3,1004.5,82.7,6.3,83.4,7,3,10,2024-07-13T05:43:56,2024-07-13T18:28:42,0.23,"Rain, Partially cloudy",Partly cloudy throughout the day with a chance of rain throughout the day.,rain,"48992099999,VDPP,48991099999,48997099999"
cambodia,2024-07-14,89.6,78.8,82.2,99.7,78.8,89.1,76.9,84.9,0.104,100,45.83,rain,0,0,25.5,15,231.7,1004.2,83.8,5.6,106.2,9,5,30,2024-07-14T05:44:11,2024-07-14T18:28:40,0.25,"Rain, Partially cloudy",Partly cloudy throughout the day with rain in the morning and afternoon.,rain,"48992099999,VDPP,48991099999"
cambodia,2024-07-15,91.4,77,83.2,104.3,77,89.4,76.2,80.8,0.449,100,50,rain,0,0,28.4,11.4,238.2,1004.1,72.6,5.9,164.4,14.2,8,10,2024-07-15T05:44:26,2024-07-15T18:28:37,0.3,"Rain, Partially cloudy",Partly cloudy throughout the day with rain.,rain,"48992099999,VDPP,48991099999,48997099999"
cambodia,2024-07-16,86,77,81.6,98.7,77,88,77.8,88.7,0.207,100,75,rain,0,0,20.1,12.8,225.2,1004.3,77.5,6.1,103.3,8.9,4,10,2024-07-16T05:44:41,2024-07-16T18:28:33,0.33,"Rain, Partially cloudy",Partly cloudy throughout the day with a chance of rain throughout the day.,rain,"48992099999,VDPP,48991099999,48997099999"
cambodia,2024-07-17,86,77,79.9,99.3,77,83.5,73.6,91.2,0.923,100,100,rain,0,0,28.2,16.1,204.6,1004.7,89.2,6,85.8,7.5,5,10,2024-07-17T05:44:56,2024-07-17T18:28:28,0.36,"Rain, Partially cloudy",Partly cloudy throughout the day with a chance of rain throughout the day.,rain,"48992099999,VDPP,48991099999"
cambodia,2024-07-18,84.2,77.6,80.3,100.7,77.6,85.3,74.5,92.2,0.506,100,95.83,rain,0,0,31.3,12.8,218,1006.4,92,6.3,135.5,11.7,6,10,2024-07-18T05:45:11,2024-07-18T18:28:22,0.4,"Rain, Overcast",Cloudy skies throughout the day with a chance of rain throughout the day.,rain,"48992099999,VDPP,48991099999"
cambodia,2024-07-19,89.6,77,82.1,105.1,77,89.6,78.2,88.8,0.136,100,54.17,rain,0,0,21.9,11.4,225.2,1006,69.4,6,86.4,7.3,3,10,2024-07-19T05:45:25,2024-07-19T18:28:16,0.43,"Rain, Partially cloudy",Partly cloudy throughout the day with a chance of rain throughout the day.,rain,"48992099999,VDPP,48991099999"
cambodia,2024-07-20,87.8,78.8,83.5,102.3,78.8,93,78.1,84.3,0.438,100,70.83,rain,0,0,21.9,12.8,221.2,1006.8,67.8,5.9,103.3,8.8,5,10,2024-07-20T05:45:40,2024-07-20T18:28:08,0.46,"Rain, Partially cloudy",Partly cloudy throughout the day with a chance of rain throughout the day.,rain,"48992099999,VDPP,48991099999"
cambodia,2024-07-21,89.6,78.8,83.7,105.1,78.8,92.6,78.2,84.4,0.95,100,75,rain,0,0,17.9,11.4,230.7,1006.8,74.3,5.8,45.1,3.9,2,10,2024-07-21T05:45:54,2024-07-21T18:28:00,0.5,"Rain, Partially cloudy",Partly cloudy throughout the day with a chance of rain throughout the day.,rain,"48992099999,VDPP,48991099999"
cambodia,2024-07-22,95,80.6,86.8,107.4,89.2,97.8,77.2,74.8,0.218,100,33.33,rain,0,0,30,17.2,237.9,1006.8,50,6.1,202.6,17.7,8,30,2024-07-22T05:46:07,2024-07-22T18:27:51,0.53,"Rain, Partially cloudy",Partly cloudy throughout the day with a chance of rain throughout the day.,rain,"48992099999,VDPP,48991099999"
cambodia,2024-07-23,91.4,80.7,86.1,105,88,97.6,77.8,77.1,0.039,100,4.17,rain,0,0,30.6,12.8,226.5,1006.6,55.3,6.3,191.4,16.5,8,10,2024-07-23T05:46:21,2024-07-23T18:27:41,0.56,"Rain, Partially cloudy",Partly cloudy throughout the day with afternoon rain.,rain,"48992099999,VDPP,48991099999,remote,48997099999"
cambodia,2024-07-24,91.4,78.7,84,105,78.7,92.2,77.6,82,0.222,100,41.67,rain,0,0,31.5,19.6,223.8,1004.7,69.4,5.9,210.5,18.1,8,30,2024-07-24T05:46:34,2024-07-24T18:27:30,0.6,"Rain, Partially cloudy",Partly cloudy throughout the day with a chance of rain throughout the day.,rain,"48992099999,VDPP,48991099999,48997099999"
cambodia,2024-07-25,86,78.8,80.7,101.8,78.8,87.1,79.6,96.7,0.163,100,54.17,rain,0,0,37.1,12.8,222.9,1003.9,88.8,5.6,163.9,14.2,6,10,2024-07-25T05:46:47,2024-07-25T18:27:18,0.63,"Rain, Partially cloudy",Partly cloudy throughout the day with a chance of rain throughout the day.,rain,"48992099999,VDPP,48991099999"
cambodia,2024-07-26,89.6,77,82.9,105.1,77,91.7,78.8,88.3,0.24,100,54.17,rain,0,0,33.3,17.2,217.4,1004.8,80.7,6,158.2,13.7,7,10,2024-07-26T05:46:59,2024-07-26T18:27:06,0.67,"Rain, Partially cloudy",Partly cloudy throughout the day with a chance of rain throughout the day.,rain,"VDPP,48991099999,48997099999"
cambodia,2024-07-27,87.8,78.8,84,102.3,78.8,93.4,77.8,82,0.78,100,54.17,rain,0,0,18.1,15,218.3,1006.3,74.3,6.1,95,8,4,10,2024-07-27T05:47:11,2024-07-27T18:26:52,0.71,"Rain, Partially cloudy",Partly cloudy throughout the day with rain.,rain,"VDPP,48991099999"
cambodia,2024-07-28,91.4,78.8,83.8,105.1,78.8,94.6,79.3,87.4,0.247,100,58.33,rain,0,0,17,12.8,205.3,1006.2,88.8,5.8,58.5,5,2,10,2024-07-28T05:47:23,2024-07-28T18:26:38,0.75,"Rain, Partially cloudy",Partly cloudy throughout the day with a chance of rain throughout the day.,rain,"VDPP,48991099999"
cambodia,2024-07-29,93.2,77,83.9,104.6,77,91.6,77.1,81.8,0.283,100,41.67,rain,0,0,23,12.7,193.2,1006.2,60.8,6.4,116.6,9.9,7,10,2024-07-29T05:47:34,2024-07-29T18:26:23,0.78,"Rain, Partially cloudy",Partly cloudy throughout the day with a chance of rain throughout the day.,rain,"VDPP,48991099999,remote,48997099999"
cambodia,2024-07-30,93.2,80.5,85.8,107.1,86.1,96.9,77.6,77.9,0.012,100,12.5,rain,0,0,22.8,12.8,217.9,1007.5,50,6.2,172.5,14.8,8,10,2024-07-30T05:47:45,2024-07-30T18:26:07,0.81,"Rain, Partially cloudy",Partly cloudy throughout the day with rain in the morning and afternoon.,rain,"VDPP,48991099999,48997099999"
cambodia,2024-07-31,89.6,80.6,84.8,107.5,88.1,96.4,78.8,83.3,0.232,100,33.33,rain,0,0,21.3,16.1,206.1,1009.1,47.8,6,181.9,15.6,8,30,2024-07-31T05:47:56,2024-07-31T18:25:50,0.85,"Rain, Partially cloudy",Partly cloudy throughout the day with rain.,rain,"VDPP,48991099999,48997099999"
cambodia,2024-08-01,95,78.8,83.6,107.5,78.8,93.8,79.6,89.4,0.864,100,54.17,rain,0,0,15,17.2,201.6,1009.4,51.6,6,151.7,13,7,30,2024-08-01T05:48:06,2024-08-01T18:25:32,0.88,"Rain, Partially cloudy",Partly cloudy throughout the day with rain.,rain,"VDPP,48991099999,48997099999"
cambodia,2024-08-02,93.2,78.8,85.6,105.1,78.8,94.1,77.4,78.8,0.295,100,20.83,rain,0,0,13.2,8.1,246.5,1008.6,50,5.9,232.4,20.1,8,60,2024-08-02T05:48:16,2024-08-02T18:25:13,0.92,"Rain, Partially cloudy",Partly cloudy throughout the day with rain.,rain,"VDPP,48991099999,48997099999"
cambodia,2024-08-03,96.8,78.8,86.1,109.9,78.8,96.9,78.5,80.7,0.339,100,50,rain,0,0,26.4,16.1,218.3,1008.2,49.4,6,234.8,20.2,8,60,2024-08-03T05:48:26,2024-08-03T18:24:54,0.96,"Rain, Partially cloudy",Partly cloudy throughout the day with rain.,rain,"VDPP,48991099999,48997099999"
cambodia,2024-08-04,95,78.7,83.4,109.9,78.7,92.6,79.2,88.4,0.682,100,70.83,rain,0,0,15,10.3,258.4,1008.6,60.7,6.6,187.6,16.2,6,30,2024-08-04T05:48:35,2024-08-04T18:24:34,0,"Rain, Partially cloudy",Partly cloudy throughout the day with a chance of rain throughout the day.,rain,"VDPP,48991099999,remote,48997099999"
cambodia,2024-08-05,95,78.8,83.9,112.8,78.8,92.9,79,87.2,0.177,100,25,rain,0,0,16.8,15,194.9,1007.6,69.1,5.7,219.2,18.8,7,30,2024-08-05T05:48:44,2024-08-05T18:24:13,0.02,"Rain, Partially cloudy",Partly cloudy throughout the day with rain.,rain,"VDPP,48991099999,48997099999"
cambodia,2024-08-06,95,78.8,85.1,107.4,78.8,95,78.3,82.1,0.194,100,20.83,rain,0,0,17.7,9.9,256.4,1007.1,54.7,6,240.3,20.8,9,30,2024-08-06T05:48:52,2024-08-06T18:23:51,0.06,"Rain, Partially cloudy",Partly cloudy throughout the day with rain in the morning and afternoon.,rain,"VDPP,48991099999,48997099999"
cambodia,2024-08-07,95,78.9,83.8,107,78.9,92.4,78.5,85.9,0.083,100,29.17,rain,0,0,17.9,18.3,222.9,1008,56.8,6.4,234.9,20.3,8,60,2024-08-07T05:49:00,2024-08-07T18:23:29,0.09,"Rain, Partially cloudy",Partly cloudy throughout the day with rain in the morning and afternoon.,rain,"VDPP,48991099999,48997099999"
cambodia,2024-08-08,93.2,77,84.9,108.7,77,95.4,78.9,84.1,0.071,100,16.67,rain,0,0,14.3,9.2,207.2,1008.8,55.3,5.8,259.4,22.4,9,60,2024-08-08T05:49:08,2024-08-08T18:23:05,0.12,"Rain, Partially cloudy",Partly cloudy throughout the day with rain.,rain,"VDPP,48991099999,48997099999"
cambodia,2024-08-09,92.9,78.6,84.9,111.7,78.6,97.6,80.5,87.9,0.287,100,33.33,rain,0,0,16.1,8.2,221.4,1008.1,67.6,5.8,222.9,19.1,7,60,2024-08-09T05:49:15,2024-08-09T18:22:41,0.15,"Rain, Partially cloudy",Partly cloudy throughout the day with rain in the morning and afternoon.,rain,"VDPP,48991099999,48997099999"
cambodia,2024-08-10,95,80.6,86.1,113.5,88.1,99,79.5,82.5,0.394,100,29.17,rain,0,0,19,9.2,207.7,1006.4,47.8,6.1,246.3,21.3,9,60,2024-08-10T05:49:21,2024-08-10T18:22:16,0.19,"Rain, Partially cloudy",Partly cloudy throughout the day with rain in the morning and afternoon.,rain,"VDPP,48991099999"
cambodia,2024-08-11,95,80.5,86.2,114.3,87.4,99.9,79.5,81.5,0.095,100,16.67,rain,0,0,23.5,11.4,212.3,1004.7,42.9,6.8,270.7,23.3,9,60,2024-08-11T05:49:28,2024-08-11T18:21:51,0.22,"Rain, Partially cloudy",Partly cloudy throughout the day with rain in the morning and afternoon.,rain,"VDPP,48991099999,remote"
cambodia,2024-08-12,93.1,79.8,85.3,110.1,79.8,96.7,78.6,82,0.497,100,37.5,rain,0,0,35.8,17.2,209.4,1005.3,58.9,6.8,235.8,20.3,9,30,2024-08-12T05:49:34,2024-08-12T18:21:25,0.25,"Rain, Partially cloudy",Partly cloudy throughout the day with rain.,rain,"VDPP,48991099999,remote"
cambodia,2024-08-13,96.8,78.8,86.9,110.8,78.8,99,78.5,77.8,0.185,100,33.33,rain,0,0,16.6,12.8,210.2,1006.6,59.5,6,247.8,21.4,9,30,2024-08-13T05:49:39,2024-08-13T18:20:58,0.29,"Rain, Partially cloudy",Partly cloudy throughout the day with rain in the morning and afternoon.,rain,"48992099999,VDPP,48991099999,48997099999"
cambodia,2024-08-14,91.4,78.8,84.7,110.3,78.8,98.8,80.8,88.6,0.681,100,37.5,rain,0,0,18.8,18.3,204.8,1006.6,53.6,5.9,256,22.3,9,30,2024-08-14T05:49:45,2024-08-14T18:20:30,0.32,"Rain, Partially cloudy",Partly cloudy throughout the day with rain.,rain,"48992099999,VDPP,48991099999,48997099999"
cambodia,2024-08-15,93.2,80.6,86.1,113.7,89.2,100.5,80.2,83.6,0.182,100,20.83,rain,0,0,17,10.3,206.2,1005.8,43.2,6.5,256.5,22.1,8,30,2024-08-15T05:49:49,2024-08-15T18:20:01,0.35,"Rain, Partially cloudy",Partly cloudy throughout the day with afternoon rain.,rain,"VDPP,48991099999,remote,48997099999"
cambodia,2024-08-16,95,80.6,87.1,115.5,89.2,102.2,80.3,81.9,0.209,100,20.83,rain,0,0,18.3,9.2,202.3,1005.5,42.3,6.1,243.9,21.1,9,30,2024-08-16T05:49:54,2024-08-16T18:19:32,0.38,"Rain, Partially cloudy",Partly cloudy throughout the day with rain in the morning and afternoon.,rain,"VDPP,48991099999,48997099999"
cambodia,2024-08-17,93.2,80.6,85.4,107.9,89.2,100.2,80.8,87.3,0.386,100,33.33,rain,0,0,15.4,15,201.8,1007.1,53.2,5.9,211.9,18.4,8,30,2024-08-17T05:49:58,2024-08-17T18:19:03,0.42,"Rain, Partially cloudy",Partly cloudy throughout the day with rain in the morning and afternoon.,rain,"48992099999,VDPP,48991099999,48997099999"
cambodia,2024-08-18,95.1,80.3,86.9,112.8,88.2,101.5,80.1,81.7,0.063,100,20.83,rain,0,0,17.9,10.3,191.6,1007.9,47.5,6.4,261.1,22.6,8,30,2024-08-18T05:50:01,2024-08-18T18:18:32,0.45,"Rain, Partially cloudy",Partly cloudy throughout the day with rain in the morning and afternoon.,rain,"48992099999,VDPP,48991099999,remote,48997099999"
cambodia,2024-08-19,96.1,82.1,88.3,109.8,93.5,102.6,78.9,75.1,0.024,100,20.83,rain,0,0,16.8,8.4,202.1,1007.5,45.6,6.5,271.6,23.5,8,30,2024-08-19T05:50:05,2024-08-19T18:18:01,0.48,"Rain, Partially cloudy",Partly cloudy throughout the day with rain.,rain,"48992099999,VDPP,48991099999,48997099999"
cambodia,2024-08-20,95.3,81.7,86.5,107.2,92.2,98.8,78.5,78.9,0.02,100,16.67,rain,0,0,15.7,6.9,215.5,1008.4,40.6,6.4,277.7,24,9,30,2024-08-20T05:50:08,2024-08-20T18:17:30,0.5,"Rain, Partially cloudy",Partly cloudy throughout the day with rain in the morning and afternoon.,rain,"VDPP,48991099999,48997099999"
cambodia,2024-08-21,96.8,81.7,86.7,107.4,91.2,98.8,78.3,77.8,0.099,100,12.5,rain,0,0,12.8,6.9,203.6,1008.7,48.6,6.1,258.7,22.2,8,30,2024-08-21T05:50:10,2024-08-21T18:16:58,0.55,"Rain, Partially cloudy",Partly cloudy throughout the day with rain.,rain,"VDPP,48991099999,48997099999"
cambodia,2024-08-22,96.8,82.4,87.9,114.3,96,105.1,81.2,82.6,0.071,100,12.5,rain,0,0,15,10.3,169.9,1008.5,50,6,269.7,23.4,9,30,2024-08-22T05:50:13,2024-08-22T18:16:25,0.59,"Rain, Partially cloudy",Partly cloudy throughout the day with afternoon rain.,rain,"VDPP,48991099999,48997099999"
cambodia,2024-08-23,96.8,81.8,87.9,110.3,91.1,101,78.4,75.3,0.068,100,20.83,rain,0,0,14.1,11.4,189.1,1009.5,50.1,6.5,269.2,23.1,9,30,2024-08-23T05:50:14,2024-08-23T18:15:52,0.62,"Rain, Partially cloudy",Partly cloudy throughout the day with rain.,rain,"VDPP,48991099999,remote"
cambodia,2024-08-24,91.4,80.6,84.7,111.7,89.2,98,80.1,87,0.257,100,50,rain,0,0,15.4,9.2,152.5,1008.8,55.2,5.9,218.8,18.8,8,30,2024-08-24T05:50:16,2024-08-24T18:15:18,0.66,"Rain, Partially cloudy",Partly cloudy throughout the day with a chance of rain throughout the day.,rain,"VDPP,48991099999"
cambodia,2024-08-25,91.4,80.2,83.9,110.8,88,95.5,79.4,87,0.103,100,25,rain,0,0,13.9,10.3,230.8,1007.7,66.5,6.1,216.1,18.6,9,30,2024-08-25T05:50:17,2024-08-25T18:14:44,0.69,"Rain, Partially cloudy",Partly cloudy throughout the day with a chance of rain throughout the day.,rain,"VDPP,48991099999,remote"
cambodia,2024-08-26,95,80.6,85.1,107.4,89.2,96.1,79,84.1,0.32,100,54.17,rain,0,0,19.2,12.8,195,1007,57.5,6.3,218.2,18.8,9,30,2024-08-26T05:50:18,2024-08-26T18:14:09,0.75,"Rain, Partially cloudy",Partly cloudy throughout the day with rain.,rain,"VDPP,48991099999,48997099999"
cambodia,2024-08-27,91.6,80.6,83.9,108.2,89.2,96.1,80.3,89.9,0.675,100,75,rain,0,0,17,6.9,196.9,1007.5,66.4,6.3,194.5,17,8,30,2024-08-27T05:50:19,2024-08-27T18:13:34,0.76,"Rain, Partially cloudy",Partly cloudy throughout the day with a chance of rain throughout the day.,rain,"VDPP,48991099999,48997099999"
cambodia,2024-08-28,91.4,78.8,82.8,108.1,78.8,92.9,80.1,92.4,0.481,100,25,rain,0,0,21.5,9.2,196.2,1007,59.3,6.5,192.3,16.5,7,30,2024-08-28T05:50:19,2024-08-28T18:12:58,0.79,"Rain, Partially cloudy",Partly cloudy throughout the day with rain.,rain,"VDPP,48991099999"
cambodia,2024-08-29,87.8,77,83,99.9,77,91.3,77.5,84.1,0.182,100,54.17,rain,0,0,19.9,12.8,231,1007.4,82.3,5.9,81.1,6.8,3,10,2024-08-29T05:50:20,2024-08-29T18:12:22,0.83,"Rain, Partially cloudy",Partly cloudy throughout the day with a chance of rain throughout the day.,rain,"VDPP,48991099999"
cambodia,2024-08-30,93.2,77,82.5,105,77,88.2,76.7,84.2,0.52,100,37.5,rain,0,0,26.6,11.4,254.4,1007.7,61.8,6.2,221,19,8,10,2024-08-30T05:50:19,2024-08-30T18:11:45,0.86,"Rain, Partially cloudy",Partly cloudy throughout the day with rain.,rain,"VDPP,48991099999,remote,48997099999"
cambodia,2024-08-31,93.2,78.8,84.9,105,78.8,93.6,77.5,80.1,0.38,100,50,rain,0,0,25.9,11.4,262.2,1006.8,55.7,6,121,10.3,6,30,2024-08-31T05:50:19,2024-08-31T18:11:08,0.9,"Rain, Partially cloudy",Partly cloudy throughout the day with a chance of rain throughout the day.,rain,"VDPP,48991099999,48997099999"
cambodia,2024-09-01,91.4,77,82.5,105.1,77,90,78.6,89,0.746,100,58.33,rain,0,0,15.2,12.8,259.9,1005.8,64.6,5.5,196.8,17,7,30,2024-09-01T05:50:19,2024-09-01T18:10:31,0.93,"Rain, Partially cloudy",Partly cloudy throughout the day with rain.,rain,"VDPP,48991099999,48997099999"
cambodia,2024-09-02,86,77,80.6,101.8,77,87.6,79,95.1,0.667,100,70.83,rain,0,0,14.8,11.4,177.6,1005.8,77.5,5.8,172.7,15,7,30,2024-09-02T05:50:18,2024-09-02T18:09:53,0.97,"Rain, Partially cloudy",Partly cloudy throughout the day with rain.,rain,"VDPP,48991099999,48997099999"
cambodia,2024-09-03,89.6,77,82.5,108.1,77,91,79.3,91,0.552,100,58.33,rain,0,0,29.5,13.9,211.2,1007,74.3,6,167.4,14.5,6,30,2024-09-03T05:50:17,2024-09-03T18:09:15,0,"Rain, Partially cloudy",Partly cloudy throughout the day with a chance of rain throughout the day.,rain,"VDPP,48991099999"
cambodia,2024-09-04,86.3,78.8,81.4,99.3,78.8,88.4,79.2,93.2,0.173,100,37.5,rain,0,0,36.2,54.1,217.1,1006.5,72.2,6.2,138.3,11.9,6,10,2024-09-04T05:50:15,2024-09-04T18:08:37,0.04,"Rain, Partially cloudy",Partly cloudy throughout the day with rain in the morning and afternoon.,rain,"VDPP,48991099999,48997099999"
cambodia,2024-09-05,93.6,79.9,84.7,107.4,79.9,94.4,78.2,81.9,0.209,100,33.33,rain,0,0,29.5,12.8,255.5,1004.6,63.3,6,200.2,17.3,9,30,2024-09-05T05:50:14,2024-09-05T18:07:58,0.07,"Rain, Partially cloudy",Partly cloudy throughout the day with rain.,rain,"VDPP,48991099999,48997099999"
cambodia,2024-09-06,91.4,81.4,84.6,102.6,90.1,96.1,78.6,82.8,0.072,100,29.17,rain,0,0,34.7,17.8,238.5,1004.3,63.3,6,196.8,17,7,10,2024-09-06T05:50:13,2024-09-06T18:07:20,0.1,"Rain, Partially cloudy",Partly cloudy throughout the day with rain in the morning and afternoon.,rain,"VDPP,48991099999,48997099999"
cambodia,2024-09-07,93.2,82.4,86.9,107.8,94.1,100.1,78.9,78.3,0.016,100,12.5,rain,0,0,33.8,16.1,232.3,1005.6,59.7,6,224.2,19.4,8,10,2024-09-07T05:50:11,2024-09-07T18:06:40,0.14,"Rain, Partially cloudy",Partly cloudy throughout the day with rain in the morning and afternoon.,rain,"VDPP,48991099999,48997099999"
cambodia,2024-09-08,93.2,80.6,85.5,110.3,88.1,97.8,79.1,82.2,0.252,100,16.67,rain,0,0,30.9,51.9,214.4,1007.4,48.1,6.1,194.9,16.7,8,10,2024-09-08T05:50:09,2024-09-08T18:06:01,0.17,"Rain, Partially cloudy",Partly cloudy throughout the day with afternoon rain.,rain,"VDPP,48991099999,48997099999"
cambodia,2024-09-09,94,80.7,86.2,107.6,87.2,97.3,77.7,77.2,0.193,100,16.67,rain,0,0,24.4,10.3,256.9,1006.7,60.5,6.7,244.9,21.1,9,30,2024-09-09T05:50:07,2024-09-09T18:05:22,0.2,"Rain, Partially cloudy",Partly cloudy throughout the day with afternoon rain.,rain,"VDPP,48991099999,remote,48997099999"
cambodia,2024-09-10,94.5,78.8,85.7,107.6,78.8,97.3,79.1,82.8,0.134,100,12.5,rain,0,0,21.9,9.1,218,1005.9,66.4,6.1,245.2,21.4,9,30,2024-09-10T05:50:05,2024-09-10T18:04:42,0.24,"Rain, Partially cloudy",Partly cloudy throughout the day with afternoon rain.,rain,"VDPP,48991099999,48997099999"
cambodia,2024-09-11,90.3,80.2,82.7,108,88,94.9,81,95.1,0.49,100,54.17,rain,0,0,13.2,11.3,207.4,1007.8,70,6.5,216.2,18.7,8,30,2024-09-11T05:50:03,2024-09-11T18:04:02,0.25,"Rain, Partially cloudy",Partly cloudy throughout the day with a chance of rain throughout the day.,rain,"VDPP,48991099999,48997099999"
cambodia,2024-09-12,91.4,78.8,82.9,113.7,78.8,93.3,80.1,92.2,0.449,100,62.5,rain,0,0,15,10.3,195.1,1007.5,54.9,5.7,205.2,17.8,7,30,2024-09-12T05:50:01,2024-09-12T18:03:22,0.3,"Rain, Partially cloudy",Partly cloudy throughout the day with a chance of rain throughout the day.,rain,"VDPP,48991099999,48997099999"
cambodia,2024-09-13,93.2,78.7,83.4,111.7,78.7,93.8,80.2,91.5,0.747,100,91.67,rain,0,0,19,12.8,220.9,1005.9,61.5,6,142.4,12.2,7,30,2024-09-13T05:49:58,2024-09-13T18:02:42,0.34,"Rain, Partially cloudy",Partly cloudy throughout the day with a chance of rain throughout the day.,rain,"VDPP,48991099999,48997099999"
cambodia,2024-09-14,91.4,78.7,83.6,104.6,78.7,92.4,78.4,85.5,0.151,100,58.33,rain,0,0,23.7,10.3,234.2,1004.5,72.5,6,158.2,13.7,7,30,2024-09-14T05:49:56,2024-09-14T18:02:01,0.37,"Rain, Partially cloudy",Partly cloudy throughout the day with a chance of rain throughout the day.,rain,"VDPP,48991099999,48997099999"
cambodia,2024-09-15,90.4,80.3,84.6,105.7,87.5,95.7,78.4,82.2,0.343,100,50,rain,0,0,26.8,8.6,242.1,1004.2,53.5,6.2,183.4,15.8,7,10,2024-09-15T05:49:53,2024-09-15T18:01:21,0.4,"Rain, Partially cloudy",Partly cloudy throughout the day with a chance of rain throughout the day.,rain,"VDPP,48991099999,48997099999"
cambodia,2024-09-16,91.6,80.1,83.9,102.2,86.1,93.7,78,83.6,0.478,100,70.83,rain,0,0,30.6,8.4,256.2,1003.8,58.9,6.8,164.2,14.1,7,30,2024-09-16T05:49:51,2024-09-16T18:00:40,0.44,"Rain, Partially cloudy",Partly cloudy throughout the day with a chance of rain throughout the day.,rain,"VDPP,48991099999,48997099999"
cambodia,2024-09-17,86,78.8,80.9,107.9,78.8,88.2,80.3,98.2,1.407,100,100,rain,0,0,22.4,8.1,251.3,1002.1,78.3,5.6,110.1,9.5,5,10,2024-09-17T05:49:49,2024-09-17T18:00:00,0.47,"Rain, Partially cloudy",Partly cloudy throughout the day with a chance of rain throughout the day.,rain,"VDPP,48991099999"
cambodia,2024-09-18,87.8,78.8,82,108.2,78.8,91.8,80.1,94.3,0.526,100,87.5,rain,0,0,19.2,6.9,261.3,1000.8,80.7,5.6,106.4,9.1,5,30,2024-09-18T05:49:46,2024-09-18T17:59:20,0.5,"Rain, Partially cloudy",Partly cloudy throughout the day with a chance of rain throughout the day.,rain,"VDPP,48991099999"
cambodia,2024-09-19,90.2,78.8,83.2,105.1,78.8,93.1,79.6,89.8,0.226,100,50,rain,0,0,17.2,10.3,227.6,1001.1,59.7,5.9,194.9,16.8,8,10,2024-09-19T05:49:44,2024-09-19T17:58:39,0.54,"Rain, Partially cloudy",Partly cloudy throughout the day with rain.,rain,"VDPP,48991099999"
cambodia,2024-09-20,86,78.8,80.6,103.4,78.8,87.2,80.1,98.4,0.306,100,37.5,rain,0,0,29.3,12.8,215.4,1002.8,74.2,5.6,128.7,11.1,5,30,2024-09-20T05:49:42,2024-09-20T17:57:59,0.57,"Rain, Partially cloudy",Partly cloudy throughout the day with rain.,rain,"VDPP,48991099999"
cambodia,2024-09-21,87.8,78.8,81.3,108.2,78.8,90,80.6,97.9,0.34,100,66.67,rain,0,0,30.2,12.8,193,1004.7,79.1,5.7,144.4,12.4,8,10,2024-09-21T05:49:40,2024-09-21T17:57:18,0.61,"Rain, Partially cloudy",Partly cloudy throughout the day with rain.,rain,"VDPP,48991099999,48997099999"
cambodia,2024-09-22,87.8,78.8,82.1,105.1,78.8,90.8,80.1,94.1,0.279,100,91.67,rain,0,0,21.7,9.2,185.1,1006,82.8,6.2,116,10.1,5,10,2024-09-22T05:49:37,2024-09-22T17:56:38,0.64,"Rain, Partially cloudy",Partly cloudy throughout the day with a chance of rain throughout the day.,rain,"VDPP,48991099999,remote"
cambodia,2024-09-23,89.6,77,81.8,111.4,77,89.8,80.3,95.4,0.332,100,54.17,rain,0,0,17,9.2,187.5,1008.3,72.6,5.7,166.1,14.3,7,30,2024-09-23T05:49:35,2024-09-23T17:55:58,0.67,"Rain, Partially cloudy",Partly cloudy throughout the day with rain.,rain,"VDPP,48991099999"
cambodia,2024-09-24,89.6,78.8,83.3,105.1,78.8,93.1,79.9,90.3,0.249,100,70.83,rain,0,0,12.5,5.8,273.9,1009.1,68.2,6.3,200.9,17.4,7,30,2024-09-24T05:49:34,2024-09-24T17:55:18,0.71,"Rain, Partially cloudy",Partly cloudy throughout the day with a chance of rain throughout the day.,rain,"VDPP,48991099999,remote,48997099999"
cambodia,2024-09-25,91.4,78.8,84.8,111.4,78.8,98.4,80.8,88.5,0.434,100,66.67,rain,0,0,14.8,9.2,350.8,1009.5,52.1,5.8,206.8,17.8,8,30,2024-09-25T05:49:32,2024-09-25T17:54:38,0.75,"Rain, Partially cloudy",Partly cloudy throughout the day with a chance of rain throughout the day.,rain,"VDPP,48991099999,remote,48997099999"
cambodia,2024-09-26,91.4,77,83.9,107.8,77,92.5,78.4,85.1,0.202,100,62.5,rain,0,0,13,13.9,48.2,1009.4,60.2,5.8,227.9,19.6,8,30,2024-09-26T05:49:30,2024-09-26T17:53:58,0.78,"Rain, Partially cloudy",Partly cloudy throughout the day with a chance of rain throughout the day.,rain,"VDPP,48991099999"
cambodia,2024-09-27,93.2,78.8,83.5,108.1,78.8,91.8,79.1,88.1,0.272,100,54.17,rain,0,0,13.6,15,87.9,1008.9,63.1,6.2,155.9,13.3,8,30,2024-09-27T05:49:29,2024-09-27T17:53:19,0.81,"Rain, Partially cloudy",Partly cloudy throughout the day with a chance of rain throughout the day.,rain,"VDPP,48991099999,remote"
cambodia,2024-09-28,93.3,78.8,86,113.8,78.8,100.8,80.9,85.9,0.067,100,29.17,rain,0,0,11.9,8.1,182.9,1008.3,45.2,6.2,231.1,20,9,30,2024-09-28T05:49:28,2024-09-28T17:52:39,0.84,"Rain, Partially cloudy",Partly cloudy throughout the day with rain.,rain,"VDPP,48991099999,48997099999"
cambodia,2024-09-29,95,79.8,87.2,109.9,79.8,99.9,78.8,78.5,0,0,0,,0,0,12.8,9.2,212.8,1007.7,43.6,6.4,269.6,23.4,9,30,2024-09-29T05:49:27,2024-09-29T17:52:00,0.88,Partially cloudy,Partly cloudy throughout the day.,partly-cloudy-day,"VDPP,48991099999,remote"
cambodia,2024-09-30,95,80.6,87.1,112.8,89.2,100.3,78.9,78.7,0.28,100,20.83,rain,0,0,17.9,12.8,230,1006.5,46.2,6,243.1,21,9,30,2024-09-30T05:49:26,2024-09-30T17:51:21,0.91,"Rain, Partially cloudy",Partly cloudy throughout the day with rain in the morning and afternoon.,rain,"VDPP,48991099999,48997099999"
cambodia,2024-10-01,93.2,77,84.2,110.8,77,94.9,79.5,87.4,0.221,100,25,rain,0,0,15.7,13.9,203.1,1006.2,54.5,6.7,239,20.7,9,30,2024-10-01T05:49:25,2024-10-01T17:50:43,0.95,"Rain, Partially cloudy",Partly cloudy throughout the day with rain in the morning and afternoon.,rain,"VDPP,48991099999,remote,48997099999"
cambodia,2024-10-02,93.2,80.6,86.1,117.1,89.2,101.2,80.9,85.8,0.02,100,16.67,rain,0,0,15.4,6.9,182.2,1008,47.1,6.1,272.7,23.5,10,30,2024-10-02T05:49:25,2024-10-02T17:50:05,0.98,"Rain, Partially cloudy",Partly cloudy throughout the day with rain.,rain,"VDPP,48991099999,48997099999"
cambodia,2024-10-03,86,80.6,83.1,104.7,89.2,96.7,81.6,95.7,0.317,100,66.67,rain,0,0,14.8,9.2,36.6,1009,71,5.8,162.4,13.9,7,30,2024-10-03T05:49:25,2024-10-03T17:49:27,0,"Rain, Partially cloudy",Partly cloudy throughout the day with a chance of rain throughout the day.,rain,"VDPP,48991099999"
cambodia,2024-10-04,91.4,75.2,83.7,105.1,75.2,93.9,79.2,87.9,0.305,100,75,rain,0,0,25.3,10.3,25.5,1009.5,61.3,5.7,180.7,15.6,8,30,2024-10-04T05:49:25,2024-10-04T17:48:49,0.05,"Rain, Partially cloudy",Partly cloudy throughout the day with a chance of rain throughout the day.,rain,"VDPP,48991099999"
cambodia,2024-10-05,91.4,76.7,83.8,107.8,76.7,92.3,78.2,84.9,0.547,100,41.67,rain,0,0,11.4,10.3,36.4,1009,59.7,5.9,260.3,22.4,9,30,2024-10-05T05:49:26,2024-10-05T17:48:12,0.08,"Rain, Partially cloudy",Partly cloudy throughout the day with a chance of rain throughout the day.,rain,"VDPP,48991099999,48997099999"
cambodia,2024-10-06,89.6,77,82.8,105.1,77,91.7,79.1,89.5,0.36,100,54.17,rain,0,0,19.9,8.1,333.8,1009.9,65.1,6.6,176.4,15.3,6,30,2024-10-06T05:49:27,2024-10-06T17:47:35,0.12,"Rain, Partially cloudy",Partly cloudy throughout the day with a chance of rain throughout the day.,rain,"VDPP,48991099999,remote"
cambodia,2024-10-07,91.4,78.8,84.6,111.7,78.8,97.9,80.9,89.4,0.099,100,37.5,rain,0,0,17.9,10.3,345.1,1009.9,49.4,5.8,227.2,19.6,8,30,2024-10-07T05:49:28,2024-10-07T17:46:59,0.15,"Rain, Partially cloudy",Partly cloudy throughout the day with rain.,rain,"VDPP,48991099999,48997099999"
cambodia,2024-10-08,91.4,76.7,82,107.9,76.7,88.9,78.8,91.3,0.344,100,66.67,rain,0,0,16.1,12.8,14.4,1009.6,62.2,5.7,147.5,12.7,6,30,2024-10-08T05:49:30,2024-10-08T17:46:23,0.18,"Rain, Partially cloudy",Partly cloudy throughout the day with a chance of rain throughout the day.,rain,"VDPP,48991099999,48997099999"
cambodia,2024-10-09,93.2,77,82.9,108.1,77,90.4,78.9,89.1,0.553,100,91.67,rain,0,0,16.6,9.9,58.6,1008.7,66.6,6.3,167,14.3,7,30,2024-10-09T05:49:32,2024-10-09T17:45:48,0.22,"Rain, Partially cloudy",Partly cloudy throughout the day with a chance of rain throughout the day.,rain,"VDPP,48991099999,remote,48997099999"
cambodia,2024-10-10,89.6,78.8,82.4,105.1,78.8,91.2,79.9,93.1,0.179,100,83.33,rain,0,0,15.7,6.9,28.2,1008.2,56.4,6,158,13.7,7,30,2024-10-10T05:49:35,2024-10-10T17:45:13,0.25,"Rain, Partially cloudy",Partly cloudy throughout the day with a chance of rain throughout the day.,rain,"VDPP,48991099999,48997099999"
cambodia,2024-10-11,91.4,78.8,84.5,108.2,78.8,97.1,80.5,88.9,0.313,100,70.83,rain,0,0,13.4,6.9,323.4,1007.9,50,5.8,117.1,10.1,4,30,2024-10-11T05:49:38,2024-10-11T17:44:39,0.25,"Rain, Partially cloudy",Partly cloudy throughout the day with a chance of rain throughout the day.,rain,"VDPP,48991099999,48997099999"
cambodia,2024-10-12,87.8,77,80.7,108.2,77,88.1,80.1,98.1,0.612,100,87.5,rain,0,0,25.3,8.1,83.4,1009,82.7,6.1,136.7,11.7,5,30,2024-10-12T05:49:41,2024-10-12T17:44:05,0.32,"Rain, Partially cloudy",Partly cloudy throughout the day with a chance of rain throughout the day.,rain,"VDPP,48991099999,remote,48997099999"
cambodia,2024-10-13,93.2,77,85.4,110.8,77,96.6,79.4,83.7,0.052,100,33.33,rain,0,0,8.3,6.9,6.8,1008.7,57.8,6,201.4,17.6,9,30,2024-10-13T05:49:45,2024-10-13T17:43:32,0.35,"Rain, Partially cloudy",Partly cloudy throughout the day with a chance of rain throughout the day.,rain,"VDPP,48991099999,48997099999"
cambodia,2024-10-14,91.4,82.1,85.6,108.2,92.5,99.9,80.3,85.3,0.22,100,41.67,rain,0,0,18.3,8.1,339.8,1008,55.1,6.5,236.7,20.7,8,60,2024-10-14T05:49:49,2024-10-14T17:42:59,0.39,"Rain, Partially cloudy",Partly cloudy throughout the day with a chance of rain throughout the day.,rain,"VDPP,48991099999,remote"
cambodia,2024-10-15,91.4,80.6,85.4,110.8,89.2,100.4,81,87.3,0.492,100,62.5,rain,0,0,12.1,4.7,187.2,1008.4,50,6.4,219.6,18.9,8,60,2024-10-15T05:49:54,2024-10-15T17:42:27,0.42,"Rain, Partially cloudy",Partly cloudy throughout the day with a chance of rain throughout the day.,rain,"VDPP,48991099999,remote"
cambodia,2024-10-16,98.6,77,83.4,117.7,77,91.2,78.2,86.2,0.199,100,66.67,rain,0,0,11.2,8.1,26.2,1009.2,58.6,5.9,132.3,11.4,6,30,2024-10-16T05:49:59,2024-10-16T17:41:56,0.46,"Rain, Partially cloudy",Partly cloudy throughout the day with a chance of rain throughout the day.,rain,"VDPP,48991099999"
cambodia,2024-10-17,90.2,77.9,81.7,106.2,77.9,87.9,79.1,92.5,0.732,100,83.33,rain,0,0,11.9,7.7,194.4,1009.6,58,5.8,170.3,14.6,7,30,2024-10-17T05:50:05,2024-10-17T17:41:25,0.5,"Rain, Partially cloudy",Partly cloudy throughout the day with a chance of rain throughout the day.,rain,"VDPP,48991099999,48997099999"
cambodia,2024-10-18,86.1,77.3,80.8,99.9,77.3,87.7,79.3,95.5,0.945,100,62.5,rain,0,0,10.7,8.5,176.6,1009.5,53.7,6.3,61.8,5.3,3,30,2024-10-18T05:50:11,2024-10-18T17:40:55,0.52,"Rain, Partially cloudy",Partly cloudy throughout the day with a chance of rain throughout the day.,rain,"VDPP,48991099999,48997099999"
cambodia,2024-10-19,89.6,78,82.6,105.1,78,91.2,79.7,92.1,0.28,100,41.67,rain,0,0,21.9,9.2,172,1009.2,55.2,6.2,176.3,15.2,6,30,2024-10-19T05:50:18,2024-10-19T17:40:26,0.56,"Rain, Partially cloudy",Partly cloudy throughout the day with a chance of rain throughout the day.,rain,"VDPP,48991099999"
cambodia,2024-10-20,89.4,77.9,83.4,105.3,77.9,92,78.9,87.2,0.154,100,54.17,rain,0,0,11,10.1,222.5,1010.5,53.2,6.1,145.7,12.4,6,30,2024-10-20T05:50:25,2024-10-20T17:39:58,0.59,"Rain, Partially cloudy",Partly cloudy throughout the day with a chance of rain throughout the day.,rain,"VDPP,48991099999,48997099999"
cambodia,2024-10-21,90.7,76.7,83.5,103.4,76.7,91.8,78.1,85.2,0.354,100,50,rain,0,0,14.1,9.3,351.7,1009.9,58.4,6.2,223.6,19.2,9,30,2024-10-21T05:50:33,2024-10-21T17:39:30,0.62,"Rain, Partially cloudy",Partly cloudy throughout the day with a chance of rain throughout the day.,rain,"VDPP,48991099999,48997099999"
cambodia,2024-10-22,87.9,77,82.4,103.5,77,91,79.4,91.2,0.508,100,83.33,rain,0,0,18.8,8.3,333.9,1009,66.4,6.3,174.4,15.2,8,30,2024-10-22T05:50:42,2024-10-22T17:39:03,0.66,"Rain, Partially cloudy",Partly cloudy throughout the day with a chance of rain throughout the day.,rain,"VDPP,48991099999,48997099999"
cambodia,2024-10-23,88.1,76,82.2,102.2,76,89.5,78,88.2,0.06,100,37.5,rain,0,0,22.6,7.5,346,1009.4,67.4,5.9,149.1,12.8,6,10,2024-10-23T05:50:51,2024-10-23T17:38:37,0.69,"Rain, Partially cloudy",Partly cloudy throughout the day with a chance of rain throughout the day.,rain,"VDPP,48991099999,48997099999"
cambodia,2024-10-24,91.4,77.1,84.2,105.1,77.1,94.3,79.1,85.8,0.068,100,45.83,rain,0,0,19.2,8.1,355.3,1008.4,53.4,6,239.1,20.7,8,30,2024-10-24T05:51:00,2024-10-24T17:38:11,0.75,"Rain, Partially cloudy",Partly cloudy throughout the day with rain.,rain,"VDPP,48991099999,48997099999"
cambodia,2024-10-25,91.4,78.8,85.2,102.6,78.8,95.7,78.2,81.2,0,0,0,,0,0,19.9,11.4,353.8,1006.8,40.4,6.1,247.7,21.3,8,10,2024-10-25T05:51:11,2024-10-25T17:37:47,0.76,Partially cloudy,Partly cloudy throughout the day.,partly-cloudy-day,"VDPP,48991099999,48997099999"
cambodia,2024-10-26,93.2,79.7,85.9,103.3,79.7,95.8,77.4,78.5,0,0,0,rain,0,0,17.4,7.5,294.7,1005.3,44.3,6.2,233.3,20.4,9,30,2024-10-26T05:51:22,2024-10-26T17:37:23,0.79,Partially cloudy,Partly cloudy throughout the day.,partly-cloudy-day,"VDPP,48991099999,48997099999"
cambodia,2024-10-27,83.5,78.5,80.6,96.6,78.5,86.1,78.7,94.1,0.449,100,91.67,rain,0,0,17.2,7.5,61.9,1004.8,73.8,5.6,80,7,3,30,2024-10-27T05:51:33,2024-10-27T17:37:00,0.82,"Rain, Partially cloudy",Partly cloudy throughout the day with a chance of rain throughout the day.,rain,"VDPP,48991099999"
cambodia,2024-10-28,81.3,76.6,78.1,89.1,76.6,78.9,77.5,98.1,0.6,100,70.83,rain,0,0,21.9,4.4,291.2,1005.7,78.3,5.6,19.7,1.7,1,10,2024-10-28T05:51:45,2024-10-28T17:36:38,0.86,"Rain, Partially cloudy",Partly cloudy throughout the day with a chance of rain throughout the day.,rain,"VDPP,48991099999,48997099999"
cambodia,2024-10-29,89.6,77.1,82.8,98.2,77.1,89.4,77.3,85.4,0.004,100,4.17,rain,0,0,17,4.7,230.2,1007.1,50,6,147,12.8,6,10,2024-10-29T05:51:58,2024-10-29T17:36:17,0.89,"Rain, Partially cloudy",Partly cloudy throughout the day with afternoon rain.,rain,"VDPP,48991099999,48997099999"
cambodia,2024-10-30,93.2,77,83.8,107.1,77,92.2,78.3,85.8,0.138,100,20.83,rain,0,0,19,12.8,278.2,1008.4,53.6,5.6,240.6,20.7,8,30,2024-10-30T05:52:11,2024-10-30T17:35:57,0.92,"Rain, Partially cloudy",Partly cloudy throughout the day with rain.,rain,"VDPP,48991099999,48997099999"
cambodia,2024-10-31,91.4,77,83.1,108.1,77,91.4,78.4,86.8,0.091,100,25,rain,0,0,20.4,8.1,313.6,1007.8,52.4,6,228.9,19.7,8,30,2024-10-31T05:52:25,2024-10-31T17:35:38,0.96,"Rain, Partially cloudy",Partly cloudy throughout the day with rain.,rain,"VDPP,48991099999"
cambodia,2024-11-01,93.3,78.3,84.9,102,78.3,91.9,76.9,79.5,0.186,100,37.5,rain,0,0,15,5.9,320,1008.3,44.4,6,226.2,19.7,8,60,2024-11-01T05:52:40,2024-11-01T17:35:20,0,"Rain, Partially cloudy",Partly cloudy throughout the day with rain.,rain,"VDPP,48991099999,48997099999"
cambodia,2024-11-02,90,76.8,82.7,102.2,76.8,91.2,78.8,89,0.985,100,75,rain,0,0,15.7,8,86,1009.7,61.1,5.8,131.9,11.4,6,30,2024-11-02T05:52:56,2024-11-02T17:35:03,0.02,"Rain, Partially cloudy",Partly cloudy throughout the day with rain.,rain,"VDPP,48991099999,48997099999"
cambodia,2024-11-03,89.6,76.4,81.8,100.1,76.4,87.4,76.9,86.2,0.651,100,58.33,rain,0,0,17.7,16.1,54.7,1010.6,72.6,6.4,170.9,14.7,7,30,2024-11-03T05:53:12,2024-11-03T17:34:46,0.06,"Rain, Partially cloudy",Partly cloudy throughout the day with a chance of rain throughout the day.,rain,"VDPP,48991099999,48997099999"
cambodia,2024-11-04,89.6,75.2,81.8,105.1,75.2,89.7,78.5,90.6,1.314,100,83.33,rain,0,0,12.8,13.9,7.8,1009.5,59.2,5.6,125.9,10.8,6,30,2024-11-04T05:53:28,2024-11-04T17:34:31,0.09,"Rain, Partially cloudy",Partly cloudy throughout the day with a chance of rain throughout the day.,rain,"VDPP,48991099999,48997099999"
cambodia,2024-11-05,89,75.2,81.8,102.7,75.2,88.2,77.4,87.6,0.168,100,58.33,rain,0,0,16.6,11.4,25.4,1010.2,62.9,5.9,138,11.9,5,60,2024-11-05T05:53:46,2024-11-05T17:34:17,0.13,"Rain, Partially cloudy",Partly cloudy throughout the day with a chance of rain throughout the day.,rain,"VDPP,48991099999,48997099999"
cambodia,2024-11-06,89.6,78.4,82.7,102.3,78.4,89.8,78.1,87.1,0.166,100,33.33,rain,0,0,25.1,8.6,6.6,1010.7,51.6,5.9,208.1,18,8,60,2024-11-06T05:54:04,2024-11-06T17:34:04,0.16,"Rain, Partially cloudy",Partly cloudy throughout the day with rain.,rain,"VDPP,48991099999,48997099999"
cambodia,2024-11-07,90.5,79.9,84.1,101.2,79.9,92,76.5,79,0.153,100,12.5,rain,0,0,22.4,11.9,37.7,1010.8,43.8,6,225,19.5,8,30,2024-11-07T05:54:23,2024-11-07T17:33:52,0.2,"Rain, Partially cloudy",Partly cloudy throughout the day with rain in the morning and afternoon.,rain,"VDPP,48991099999,48997099999"
cambodia,2024-11-08,89.1,78.6,83.5,94.5,78.6,87.9,71.6,68.1,0.012,100,8.33,rain,0,0,19.7,13.9,62,1010.9,34.5,6.1,215.6,18.6,9,10,2024-11-08T05:54:42,2024-11-08T17:33:41,0.23,"Rain, Partially cloudy",Partly cloudy throughout the day with afternoon rain.,rain,"VDPP,48991099999,48997099999"
cambodia,2024-11-09,89.7,79.7,84.1,97.3,79.7,89.3,72.6,69.2,0.004,100,4.17,rain,0,0,18.3,9.1,31.1,1010.4,41.7,6,183.5,15.7,6,10,2024-11-09T05:55:02,2024-11-09T17:33:31,0.25,"Rain, Partially cloudy",Partly cloudy throughout the day with afternoon rain.,rain,"VDPP,48991099999,48997099999"
cambodia,2024-11-10,89.6,79.1,84.9,99.9,79.1,93.8,76.5,77.1,0.02,100,12.5,rain,0,0,19.7,9.2,22,1010.3,43.3,6.4,204.5,17.5,7,10,2024-11-10T05:55:23,2024-11-10T17:33:22,0.3,"Rain, Partially cloudy",Partly cloudy throughout the day with early morning rain.,rain,"VDPP,48991099999,48997099999"
cambodia,2024-11-11,91.2,78.5,85.2,102.4,78.5,94.7,77.4,78.8,0,0,0,,0,0,15.9,6.6,17.4,1009.5,37.1,6.6,218.2,18.8,8,10,2024-11-11T05:55:44,2024-11-11T17:33:14,0.34,Partially cloudy,Partly cloudy throughout the day.,partly-cloudy-day,"VDPP,48991099999,48997099999"
cambodia,2024-11-12,91.5,77.4,85,99.9,77.4,93.2,76.5,77.5,0,0,0,rain,0,0,13.4,5.9,320.5,1008.5,32.3,6.1,224.9,19.4,8,10,2024-11-12T05:56:06,2024-11-12T17:33:07,0.37,Partially cloudy,Partly cloudy throughout the day.,partly-cloudy-day,"VDPP,48991099999,48997099999"
cambodia,2024-11-13,89.6,80.1,84.3,103.6,87.5,96.3,79.5,86.3,0.414,100,29.17,rain,0,0,11,5,85.5,1007.7,50,6,202.7,17.5,8,30,2024-11-13T05:56:28,2024-11-13T17:33:01,0.41,"Rain, Partially cloudy",Partly cloudy throughout the day with rain.,rain,"VDPP,48991099999"
cambodia,2024-11-14,91.7,79.9,84.8,107.3,79.9,96.1,79.3,85.1,0.116,100,54.17,rain,0,0,14.8,6.6,150.1,1008.4,51.6,5.9,178.1,15.3,7,10,2024-11-14T05:56:52,2024-11-14T17:32:57,0.44,"Rain, Partially cloudy",Partly cloudy throughout the day with a chance of rain throughout the day.,rain,"VDPP,48991099999,48997099999"
cambodia,2024-11-15,89.7,79.1,84.2,102.3,79.1,94.2,79.1,85.6,0.02,100,16.67,rain,0,0,11.4,4.7,198.1,1008.8,43.5,6.9,201.9,17.3,7,30,2024-11-15T05:57:15,2024-11-15T17:32:53,0.48,"Rain, Partially cloudy",Partly cloudy throughout the day with rain in the morning and afternoon.,rain,"VDPP,48991099999,48997099999"
cambodia,2024-11-16,93.2,78.8,85.7,111.4,78.8,97.4,79.3,82.8,0.008,100,8.33,rain,0,0,9.6,5.8,57.9,1007.6,33.4,6,214.8,18.4,7,30,2024-11-16T05:57:40,2024-11-16T17:32:51,0.5,"Rain, Partially cloudy",Partly cloudy throughout the day with morning rain.,rain,"VDPP,48991099999"
cambodia,2024-11-17,93.2,78.8,85.5,102.9,78.8,93.8,76.6,76.9,0,0,0,,0,0,18.3,6.8,86.7,1008.3,38.8,5.7,240.6,20.7,9,30,2024-11-17T05:58:05,2024-11-17T17:32:50,0.54,Partially cloudy,Partly cloudy throughout the day.,partly-cloudy-day,"VDPP,48991099999,48997099999"
cambodia,2024-11-18,91.3,78.7,85,100.3,78.7,92.2,74.2,71,0,0,0,,0,0,19.2,17.2,53.2,1008.4,40.8,6.4,251.7,21.7,9,10,2024-11-18T05:58:30,2024-11-18T17:32:50,0.58,Partially cloudy,Partly cloudy throughout the day.,partly-cloudy-day,"VDPP,48991099999,remote"
cambodia,2024-11-19,91.3,78.7,85.4,102.4,78.7,93.8,75.3,72.8,0,0,0,,0,0,21.7,11.4,47.1,1009.1,29.2,6.1,235.3,20.4,8,10,2024-11-19T05:58:56,2024-11-19T17:32:51,0.61,Partially cloudy,Partly cloudy throughout the day.,partly-cloudy-day,VDPP
cambodia,2024-11-20,91.3,80.5,85.6,104.9,85.9,96.4,77,76.2,0.012,100,12.5,rain,0,0,30,18.3,36.3,1008.8,41.7,5.9,225,19.4,8,10,2024-11-20T05:59:23,2024-11-20T17:32:53,0.64,"Rain, Partially cloudy",Partly cloudy throughout the day with afternoon rain.,rain,VDPP
cambodia,2024-11-21,91.3,80.5,85.3,102.3,85.9,94.9,76.2,75.1,0,0,0,,0,0,24.4,13.9,21.5,1008.1,39.6,6.1,226.6,19.5,8,10,2024-11-21T05:59:50,2024-11-21T17:32:56,0.67,Partially cloudy,Partly cloudy throughout the day.,partly-cloudy-day,VDPP
cambodia,2024-11-22,91.4,80.6,85.2,105.1,86.1,96.1,77.4,78.3,0.059,100,12.5,rain,0,0,28.2,13.9,25.9,1008.7,45.2,6.1,237.2,20.5,9,10,2024-11-22T06:00:18,2024-11-22T17:33:00,0.71,"Rain, Partially cloudy",Partly cloudy throughout the day with late afternoon rain.,rain,"VDPP,48991099999"
cambodia,2024-11-23,91.4,78.8,84.6,102.3,78.8,93.4,76.9,79,0.016,100,12.5,rain,0,0,21.5,15,35.5,1009,48.1,6.1,185.8,16.1,7,10,2024-11-23T06:00:46,2024-11-23T17:33:06,0.75,"Rain, Partially cloudy",Partly cloudy throughout the day with rain.,rain,"VDPP,48991099999"
cambodia,2024-11-24,91.4,79.9,85.9,105,79.9,96.2,77.1,76.3,0.072,100,29.17,rain,0,0,20.1,10.3,41.5,1009,42.8,6.3,233.2,20.2,8,10,2024-11-24T06:01:14,2024-11-24T17:33:12,0.77,"Rain, Partially cloudy",Partly cloudy throughout the day with rain.,rain,"VDPP,48991099999,remote,48997099999"
cambodia,2024-11-25,90.5,80.3,85.8,105.1,86.4,97,77.7,77.7,0.032,100,16.67,rain,0,0,17.7,11.4,49.7,1008.7,44.2,5.9,209.7,18.1,8,30,2024-11-25T06:01:43,2024-11-25T17:33:20,0.8,"Rain, Partially cloudy",Partly cloudy throughout the day with rain.,rain,"VDPP,48991099999,48997099999"
cambodia,2024-11-26,91.4,78.8,84.8,102.6,78.8,93,75.5,74.5,0,0,0,,0,0,21.3,19.7,55.6,1008.6,47.1,6,207.5,17.9,8,10,2024-11-26T06:02:13,2024-11-26T17:33:28,0.84,Partially cloudy,Partly cloudy throughout the day.,partly-cloudy-day,"VDPP,48991099999,48997099999"
cambodia,2024-11-27,91.4,78.7,85.7,100.5,78.7,91.9,73.5,68,0,0,0,,0,0,25.7,20.8,47.4,1008.8,43.2,6,212.1,18.3,8,10,2024-11-27T06:02:43,2024-11-27T17:33:38,0.87,Partially cloudy,Partly cloudy throughout the day.,partly-cloudy-day,"VDPP,48991099999"
cambodia,2024-11-28,87.6,78.8,83.2,90.5,78.8,85.9,67.6,60,0,0,0,,0,0,34.2,18.3,49.4,1010.7,48.3,6,161.4,13.9,7,10,2024-11-28T06:03:13,2024-11-28T17:33:49,0.9,Partially cloudy,Partly cloudy throughout the day.,partly-cloudy-day,"VDPP,48991099999,48997099999"
cambodia,2024-11-29,85.5,75.3,80.3,87,75.3,81.1,64.1,58.3,0,0,0,,0,0,30,15,46.4,1011.4,43.8,6.1,151,13,7,10,2024-11-29T06:03:43,2024-11-29T17:34:01,0.93,Partially cloudy,Partly cloudy throughout the day.,partly-cloudy-day,"VDPP,48991099999,48997099999"
cambodia,2024-11-30,84.6,73.7,79.5,86.7,73.7,80.5,64.3,60.1,0,0,0,,0,0,22.6,13.7,41.1,1010.1,36.5,6,177.7,15.3,7,10,2024-11-30T06:04:14,2024-11-30T17:34:13,0.97,Partially cloudy,Partly cloudy throughout the day.,partly-cloudy-day,"VDPP,48991099999"
cambodia,2024-12-01,87.7,76.9,81.7,92.6,76.9,84.7,70.8,70.1,0,0,0,,0,0,22.4,12.8,17.7,1008.3,27.1,6.1,200.3,17.3,8,10,2024-12-01T06:04:45,2024-12-01T17:34:27,0,Partially cloudy,Partly cloudy throughout the day.,partly-cloudy-day,"VDPP,48991099999"
cambodia,2024-12-02,91.4,76.8,83.4,98.4,76.8,88.5,73.4,73.1,0,0,0,,0,0,18.8,13.9,16,1007.4,44.9,6.4,202.8,17.4,8,10,2024-12-02T06:05:17,2024-12-02T17:34:42,0.03,Partially cloudy,Partly cloudy throughout the day.,partly-cloudy-day,"VDPP,48991099999,remote,48997099999"
cambodia,2024-12-03,87.8,78.8,82.8,92.9,78.8,88.2,74.2,76.6,0.039,100,8.33,rain,0,0,19,15.4,39.6,1008.2,50,5.9,87.5,7.5,4,10,2024-12-03T06:05:48,2024-12-03T17:34:58,0.07,"Rain, Partially cloudy",Partly cloudy throughout the day with rain.,rain,"VDPP,48991099999,48997099999"
cambodia,2024-12-04,86.1,78.3,82,91.9,78.3,85.2,72.9,75.2,0.06,100,16.67,rain,0,0,21,12.5,39,1008.4,50,5.9,152.6,13.2,7,10,2024-12-04T06:06:20,2024-12-04T17:35:15,0.1,"Rain, Partially cloudy",Partly cloudy throughout the day with afternoon rain.,rain,"VDPP,48991099999,48997099999"
cambodia,2024-12-05,91.1,78.5,84,96.1,78.5,87.5,72.2,69.5,0.008,100,8.33,rain,0,0,28.9,14.6,40.8,1008.2,51.6,6,142.5,12.3,5,10,2024-12-05T06:06:52,2024-12-05T17:35:33,0.14,"Rain, Partially cloudy",Partly cloudy throughout the day with rain.,rain,"VDPP,48991099999,48997099999"
cambodia,2024-12-06,90.7,78.3,84.7,97.2,78.3,89.8,72.1,66.9,0,0,0,,0,0,18.1,8.2,46.2,1008.1,50,6,185.7,15.9,7,10,2024-12-06T06:07:24,2024-12-06T17:35:51,0.18,Partially cloudy,Partly cloudy throughout the day.,partly-cloudy-day,"VDPP,48991099999,48997099999"
cambodia,2024-12-07,89.6,80.4,84.6,102.1,87.6,94.5,77.3,79.6,0.148,100,45.83,rain,0,0,12.8,13.8,61.5,1008.6,49.8,6.3,70.7,6.3,2,10,2024-12-07T06:07:57,2024-12-07T17:36:11,0.21,"Rain, Partially cloudy",Partly cloudy throughout the day with rain in the morning and afternoon.,rain,"VDPP,48991099999,remote,48997099999"
cambodia,2024-12-08,91.4,78.5,84.3,97,78.5,89.2,72.9,70.3,0,0,0,,0,0,21.5,15,53.9,1009.2,48.1,6.4,199.9,17.3,8,10,2024-12-08T06:08:29,2024-12-08T17:36:31,0.25,Partially cloudy,Partly cloudy throughout the day.,partly-cloudy-day,"VDPP,48991099999,remote"
cambodia,2024-12-09,88,78.6,82.8,93.9,78.6,86.4,70.6,67.2,0,0,0,,0,0,23.9,15,36.4,1009.1,34.9,6,175.9,15.1,8,10,2024-12-09T06:09:01,2024-12-09T17:36:53,0.28,Partially cloudy,Partly cloudy throughout the day.,partly-cloudy-day,"VDPP,48991099999,48997099999"
cambodia,2024-12-10,88.1,78.5,82.8,95.8,78.5,86.5,73.2,74.1,0,0,0,,0,0,23.3,15,10.5,1008,42.7,6.1,152.4,13,6,10,2024-12-10T06:09:34,2024-12-10T17:37:15,0.32,Partially cloudy,Partly cloudy throughout the day.,partly-cloudy-day,"VDPP,48991099999"
cambodia,2024-12-11,86.4,78.6,81.2,93.4,78.6,86.1,74.6,81,0.778,100,83.33,rain,0,0,21.5,12.1,14.5,1007.2,72.7,6.4,76.3,6.6,3,10,2024-12-11T06:10:06,2024-12-11T17:37:38,0.35,"Rain, Partially cloudy",Partly cloudy throughout the day with a chance of rain throughout the day.,rain,"VDPP,48991099999"
cambodia,2024-12-12,89.6,77,83,102.5,77,90.3,76.6,82.3,0.244,100,62.5,rain,0,0,24.6,12.8,45.7,1007.2,72.4,5.9,156.5,13.6,7,10,2024-12-12T06:10:38,2024-12-12T17:38:02,0.39,"Rain, Partially cloudy",Partly cloudy throughout the day with rain.,rain,"VDPP,48991099999,48997099999"
cambodia,2024-12-13,84.2,77.3,80.2,94.1,77.3,85,78.5,94.8,0.468,100,95.83,rain,0,0,20.1,18.3,32.4,1008.1,87.8,6.3,62.4,5.5,2,10,2024-12-13T06:11:10,2024-12-13T17:38:26,0.42,"Rain, Partially cloudy",Partly cloudy throughout the day with a chance of rain throughout the day.,rain,"VDPP,48991099999,remote"
cambodia,2024-12-14,86,76,81.3,99.3,76,87.5,76.8,86.6,0.342,100,58.33,rain,0,0,25.5,13.9,40.2,1009.9,88,7.8,71.8,6.2,3,10,2024-12-14T06:11:42,2024-12-14T17:38:51,0.46,"Rain, Partially cloudy",Partly cloudy throughout the day with a chance of rain throughout the day.,rain,"VDPP,48991099999,remote"
cambodia,2024-12-15,82.4,76.6,79.7,89.4,76.6,82.2,73,80.3,0.243,100,75,rain,0,0,29.3,15,29.8,1011.5,60.6,6.7,81.5,7,4,10,2024-12-15T06:12:14,2024-12-15T17:39:17,0.5,"Rain, Partially cloudy",Partly cloudy throughout the day with a chance of rain throughout the day.,rain,"VDPP,48991099999,remote"
cambodia,2024-12-16,81.9,77.2,79.5,85.3,77.2,80.6,69.6,72,0.075,100,12.5,rain,0,0,22.8,12.6,28.6,1012.5,50,5.9,81.4,7.1,3,10,2024-12-16T06:12:46,2024-12-16T17:39:44,0.53,"Rain, Partially cloudy",Partly cloudy throughout the day with early morning rain.,rain,"VDPP,48991099999,48997099999"
cambodia,2024-12-17,86,73.8,80.2,91.9,73.8,82.6,69.5,70.4,0,0,0,,0,0,22.6,46.1,22.4,1011.3,29.1,6,216.4,18.6,8,10,2024-12-17T06:13:17,2024-12-17T17:40:11,0.56,Partially cloudy,Partly cloudy throughout the day.,wind,"VDPP,48991099999"
cambodia,2024-12-18,86,75.2,80.8,90.4,75.2,82.9,70.4,72.1,0,0,0,,0,0,24.8,17.2,20.6,1010.5,37.5,6.2,218.4,18.9,8,10,2024-12-18T06:13:48,2024-12-18T17:40:39,0.59,Partially cloudy,Partly cloudy throughout the day.,partly-cloudy-day,"VDPP,48991099999,48997099999"
cambodia,2024-12-19,86,73.4,80.1,90.6,73.4,81.9,69.4,70.7,0,0,0,,0,0,25.9,13.9,16,1011,50.3,6.1,227.1,19.6,8,10,2024-12-19T06:14:19,2024-12-19T17:41:08,0.62,Partially cloudy,Partly cloudy throughout the day.,partly-cloudy-day,"VDPP,48991099999"
cambodia,2024-12-20,86,73.4,79.5,87.5,73.4,80.6,68,69,0,0,0,,0,0,22.6,16.1,25.2,1010.7,26.5,6,233.5,20.1,8,10,2024-12-20T06:14:50,2024-12-20T17:41:37,0.66,Partially cloudy,Partly cloudy throughout the day.,partly-cloudy-day,"VDPP,48991099999"
cambodia,2024-12-21,83,72.7,77.7,84.9,72.7,78.4,66.6,69.3,0,0,0,,0,0,18.6,9.1,34.9,1011.6,44.9,6.8,208.8,18,8,10,2024-12-21T06:15:20,2024-12-21T17:42:06,0.69,Partially cloudy,Partly cloudy throughout the day.,partly-cloudy-day,"VDPP,48991099999,remote"
cambodia,2024-12-22,84.2,73.1,78,85.7,73.1,78.3,65.6,66.8,0,0,0,,0,0,20.1,12.6,30.9,1010.8,50,6,164,14.2,7,10,2024-12-22T06:15:50,2024-12-22T17:42:36,0.72,Partially cloudy,Partly cloudy throughout the day.,partly-cloudy-day,"VDPP,48991099999"
cambodia,2024-12-23,84.2,69.8,77.1,84.6,69.8,77.6,65.8,69.7,0,0,0,,0,0,21.9,13.9,9,1009.8,49.5,6.3,183,15.7,8,10,2024-12-23T06:16:19,2024-12-23T17:43:07,0.75,Partially cloudy,Partly cloudy throughout the day.,partly-cloudy-day,"VDPP,48991099999,remote"
cambodia,2024-12-24,86,75.1,79.9,89.4,75.1,81.5,68.4,68.4,0,0,0,,0,0,21.7,13.9,12,1010.2,48.6,6.8,184.8,16,8,10,2024-12-24T06:16:48,2024-12-24T17:43:37,0.78,Partially cloudy,Partly cloudy throughout the day.,partly-cloudy-day,"VDPP,48991099999,remote"
cambodia,2024-12-25,82.5,77,79.4,86.3,77,81.2,70.6,74.8,0,0,0,,0,0,23.7,15,21,1011,50,6.2,176.1,15,6,10,2024-12-25T06:17:16,2024-12-25T17:44:09,0.82,Partially cloudy,Partly cloudy throughout the day.,partly-cloudy-day,"VDPP,48991099999,48997099999"
cambodia,2024-12-26,87.8,78.6,81.7,94.9,78.6,85.2,71.9,72.6,0.068,100,25,rain,0,0,19.9,11.4,29,1012.1,55.7,6.1,166,14.4,7,10,2024-12-26T06:17:44,2024-12-26T17:44:40,0.85,"Rain, Partially cloudy",Partly cloudy throughout the day with a chance of rain throughout the day.,rain,"VDPP,48991099999,48997099999"
cambodia,2024-12-27,86,78.8,82.8,97.1,78.8,89.9,76.8,82.6,0.04,100,25,rain,0,0,23.3,10.3,22.9,1012,59.8,6.1,176.8,15.4,8,10,2024-12-27T06:18:11,2024-12-27T17:45:12,0.88,"Rain, Partially cloudy",Partly cloudy throughout the day with rain.,rain,"VDPP,48991099999,48997099999"
cambodia,2024-12-28,87.8,78.8,82.3,97.4,78.8,88.3,72.6,83.4,0.036,100,8.33,rain,0,0,32,18.3,34,1012.4,71,6.4,143.9,12.5,6,10,2024-12-28T06:18:38,2024-12-28T17:45:44,0.91,"Rain, Partially cloudy",Partly cloudy throughout the day with rain.,rain,"VDPP,48991099999,48997099999"
cambodia,2024-12-29,86,73.4,80.3,90.6,73.4,82,68.8,68.8,0,0,0,,0,0,26.4,16.1,27.7,1012.6,30.5,6.9,232.2,20.1,8,10,2024-12-29T06:19:04,2024-12-29T17:46:17,0.94,Partially cloudy,Partly cloudy throughout the day.,partly-cloudy-day,"VDPP,48991099999,remote,48997099999"
cambodia,2024-12-30,87.8,73.4,80.6,91.4,73.4,82.2,68.3,67.5,0,0,0,,0,0,20.4,12.8,20.5,1012.1,21.9,5.9,238.8,20.6,8,10,2024-12-30T06:19:29,2024-12-30T17:46:50,0.98,Partially cloudy,Partly cloudy throughout the day.,partly-cloudy-day,"VDPP,48991099999"
cambodia,2024-12-31,86,75.2,81.4,90.6,75.2,83.9,70.4,70.6,0,0,0,,0,0,22.6,12.7,17.6,1011.1,37.5,6,187.5,16.3,8,10,2024-12-31T06:19:54,2024-12-31T17:47:22,0,Partially cloudy,Partly cloudy throughout the day.,partly-cloudy-day,"VDPP,48991099999,48997099999"
